date,stock_id,market_value
2005-10-19,1777,438683000.0
2005-10-20,1777,468937000.0
2005-10-21,1777,501352000.0
2005-10-24,1777,535928000.0
2005-10-25,1777,572665000.0
2005-10-26,1777,612643500.0
2005-10-27,1777,571584500.0
2005-10-28,1777,587792000.0
2005-10-31,1777,579148000.0
2005-11-01,1777,592114000.0
2005-11-02,1777,583470000.0
2005-11-03,1777,611563000.0
2005-11-04,1777,594275000.0
2005-11-07,1777,596436000.0
2005-11-08,1777,576987000.0
2005-11-09,1777,562940500.0
2005-11-10,1777,553216000.0
2005-11-11,1777,549974500.0
2005-11-14,1777,564021000.0
2005-11-15,1777,587792000.0
2005-11-16,1777,579148000.0
2005-11-17,1777,579148000.0
2005-11-18,1777,570504000.0
2005-11-21,1777,558618500.0
2005-11-22,1777,559699000.0
2005-11-23,1777,560779500.0
2005-11-24,1777,557538000.0
2005-11-25,1777,553216000.0
2005-11-28,1777,546733000.0
2005-11-29,1777,553216000.0
2005-11-30,1777,546733000.0
2005-12-01,1777,555377000.0
2005-12-02,1777,546733000.0
2005-12-05,1777,542411000.0
2005-12-06,1777,540250000.0
2005-12-07,1777,540250000.0
2005-12-08,1777,535928000.0
2005-12-09,1777,542411000.0
2005-12-12,1777,551055000.0
2005-12-13,1777,562940500.0
2005-12-14,1777,569423500.0
2005-12-15,1777,568343000.0
2005-12-16,1777,570504000.0
2005-12-19,1777,609402000.0
2005-12-20,1777,600758000.0
2005-12-21,1777,599677500.0
2005-12-22,1777,596436000.0
2005-12-23,1777,596436000.0
2005-12-26,1777,584550500.0
2005-12-27,1777,574826000.0
2005-12-28,1777,580228500.0
2005-12-29,1777,581309000.0
2005-12-30,1777,594275000.0
2006-01-02,1777,576987000.0
2006-01-03,1777,589953000.0
2006-01-04,1777,581309000.0
2006-01-05,1777,583470000.0
2006-01-06,1777,585631000.0
2006-01-09,1777,603999500.0
2006-01-10,1777,597516500.0
2006-01-11,1777,594275000.0
2006-01-12,1777,587792000.0
2006-01-13,1777,586711500.0
2006-01-16,1777,578067500.0
2006-01-17,1777,581309000.0
2006-01-18,1777,581309000.0
2006-01-19,1777,578067500.0
2006-01-20,1777,580228500.0
2006-01-23,1777,572665000.0
2006-01-24,1777,569423500.0
2006-01-25,1777,576987000.0
2006-02-03,1777,583470000.0
2006-02-06,1777,585631000.0
2006-02-07,1777,574826000.0
2006-02-08,1777,581309000.0
2006-02-10,1777,583470000.0
2006-02-13,1777,585631000.0
2006-02-14,1777,581309000.0
2006-02-15,1777,576987000.0
2006-02-16,1777,574826000.0
2006-02-17,1777,574826000.0
2006-02-20,1777,581309000.0
2006-02-21,1777,580228500.0
2006-02-22,1777,572665000.0
2006-02-23,1777,571584500.0
2006-02-24,1777,570504000.0
2006-02-27,1777,572665000.0
2006-03-01,1777,576987000.0
2006-03-02,1777,581309000.0
2006-03-03,1777,578067500.0
2006-03-06,1777,575906500.0
2006-03-07,1777,566182000.0
2006-03-08,1777,574826000.0
2006-03-09,1777,571584500.0
2006-03-10,1777,581309000.0
2006-03-13,1777,572665000.0
2006-03-14,1777,572665000.0
2006-03-15,1777,572665000.0
2006-03-16,1777,572665000.0
2006-03-17,1777,568343000.0
2006-03-20,1777,564021000.0
2006-03-21,1777,568343000.0
2006-03-22,1777,561860000.0
2006-03-23,1777,561860000.0
2006-03-24,1777,561860000.0
2006-03-27,1777,561860000.0
2006-03-28,1777,564021000.0
2006-03-29,1777,557538000.0
2006-03-30,1777,557538000.0
2006-03-31,1777,546733000.0
2006-04-03,1777,546733000.0
2006-04-04,1777,546733000.0
2006-04-06,1777,572665000.0
2006-04-07,1777,566182000.0
2006-04-10,1777,551055000.0
2006-04-11,1777,551055000.0
2006-04-12,1777,541330500.0
2006-04-13,1777,539169500.0
2006-04-14,1777,547813500.0
2006-04-17,1777,553216000.0
2006-04-18,1777,546733000.0
2006-04-19,1777,552135500.0
2006-04-20,1777,557538000.0
2006-04-21,1777,553216000.0
2006-04-24,1777,561860000.0
2006-04-25,1777,559699000.0
2006-04-26,1777,554296500.0
2006-04-27,1777,556457500.0
2006-04-28,1777,560779500.0
2006-05-02,1777,561860000.0
2006-05-03,1777,564021000.0
2006-05-04,1777,555377000.0
2006-05-05,1777,559699000.0
2006-05-08,1777,574826000.0
2006-05-09,1777,570504000.0
2006-05-10,1777,566182000.0
2006-05-11,1777,561860000.0
2006-05-12,1777,555377000.0
2006-05-15,1777,559699000.0
2006-05-16,1777,551055000.0
2006-05-17,1777,551055000.0
2006-05-18,1777,546733000.0
2006-05-19,1777,553216000.0
2006-05-22,1777,546733000.0
2006-05-23,1777,546733000.0
2006-05-24,1777,544572000.0
2006-05-25,1777,547813500.0
2006-05-26,1777,544572000.0
2006-05-29,1777,544572000.0
2006-05-30,1777,540250000.0
2006-06-01,1777,544572000.0
2006-06-02,1777,546733000.0
2006-06-05,1777,544572000.0
2006-06-06,1777,535928000.0
2006-06-07,1777,535928000.0
2006-06-08,1777,518640000.0
2006-06-09,1777,527284000.0
2006-06-12,1777,527284000.0
2006-06-13,1777,520801000.0
2006-06-14,1777,518640000.0
2006-06-15,1777,518640000.0
2006-06-16,1777,522962000.0
2006-06-19,1777,525123000.0
2006-06-20,1777,518640000.0
2006-06-21,1777,515398500.0
2006-06-22,1777,515398500.0
2006-06-23,1777,516479000.0
2006-06-26,1777,516479000.0
2006-06-27,1777,520801000.0
2006-06-28,1777,518640000.0
2006-06-29,1777,535928000.0
2006-06-30,1777,533767000.0
2006-07-03,1777,538089000.0
2006-07-04,1777,538089000.0
2006-07-05,1777,538089000.0
2006-07-06,1777,497030000.0
2006-07-07,1777,497030000.0
2006-07-10,1777,490547000.0
2006-07-11,1777,494869000.0
2006-07-12,1777,502432500.0
2006-07-13,1777,501352000.0
2006-07-14,1777,497030000.0
2006-07-17,1777,481903000.0
2006-07-18,1777,486225000.0
2006-07-19,1777,481903000.0
2006-07-20,1777,493788500.0
2006-07-21,1777,493788500.0
2006-07-24,1777,486225000.0
2006-07-25,1777,486225000.0
2006-07-26,1777,486225000.0
2006-07-27,1777,488386000.0
2006-07-28,1777,497030000.0
2006-07-31,1777,497030000.0
2006-08-01,1777,490547000.0
2006-08-02,1777,501352000.0
2006-08-03,1777,501352000.0
2006-08-04,1777,499191000.0
2006-08-07,1777,497030000.0
2006-08-08,1777,497030000.0
2006-08-09,1777,494869000.0
2006-08-10,1777,492708000.0
2006-08-11,1777,494869000.0
2006-08-14,1777,492708000.0
2006-08-15,1777,497030000.0
2006-08-16,1777,499191000.0
2006-08-17,1777,494869000.0
2006-08-18,1777,494869000.0
2006-08-21,1777,492708000.0
2006-08-22,1777,490547000.0
2006-08-23,1777,507835000.0
2006-08-24,1777,507835000.0
2006-08-25,1777,486225000.0
2006-08-28,1777,484064000.0
2006-08-29,1777,484064000.0
2006-08-30,1777,494869000.0
2006-08-31,1777,481903000.0
2006-09-01,1777,494869000.0
2006-09-04,1777,492708000.0
2006-09-05,1777,492708000.0
2006-09-06,1777,493788500.0
2006-09-07,1777,493788500.0
2006-09-08,1777,493788500.0
2006-09-11,1777,503513000.0
2006-09-12,1777,494869000.0
2006-09-13,1777,490547000.0
2006-09-14,1777,481903000.0
2006-09-15,1777,492708000.0
2006-09-18,1777,493788500.0
2006-09-19,1777,486225000.0
2006-09-20,1777,486225000.0
2006-09-21,1777,486225000.0
2006-09-22,1777,487305500.0
2006-09-25,1777,490547000.0
2006-09-26,1777,501352000.0
2006-09-27,1777,501352000.0
2006-09-28,1777,505674000.0
2006-09-29,1777,494869000.0
2006-10-02,1777,501352000.0
2006-10-03,1777,507835000.0
2006-10-04,1777,505674000.0
2006-10-05,1777,503513000.0
2006-10-11,1777,499191000.0
2006-10-12,1777,501352000.0
2006-10-13,1777,501352000.0
2006-10-16,1777,511076500.0
2006-10-17,1777,507835000.0
2006-10-18,1777,506754500.0
2006-10-19,1777,507835000.0
2006-10-20,1777,517559500.0
2006-10-23,1777,517559500.0
2006-10-24,1777,518640000.0
2006-10-25,1777,518640000.0
2006-10-26,1777,518640000.0
2006-10-27,1777,522962000.0
2006-10-30,1777,519720500.0
2006-10-31,1777,529445000.0
2006-11-01,1777,529445000.0
2006-11-02,1777,529445000.0
2006-11-03,1777,548894000.0
2006-11-06,1777,555377000.0
2006-11-07,1777,593194500.0
2006-11-08,1777,600758000.0
2006-11-09,1777,600758000.0
2006-11-10,1777,600758000.0
2006-11-13,1777,605080000.0
2006-11-14,1777,594275000.0
2006-11-15,1777,598597000.0
2006-11-16,1777,600758000.0
2006-11-17,1777,600758000.0
2006-11-20,1777,602919000.0
2006-11-22,1777,600758000.0
2006-11-23,1777,600758000.0
2006-11-24,1777,600758000.0
2006-11-27,1777,600758000.0
2006-11-28,1777,600758000.0
2006-11-29,1777,605080000.0
2006-11-30,1777,602919000.0
2006-12-01,1777,602919000.0
2006-12-04,1777,613724000.0
2006-12-05,1777,605080000.0
2006-12-06,1777,602919000.0
2006-12-07,1777,605080000.0
2006-12-08,1777,620207000.0
2006-12-11,1777,615885000.0
2006-12-12,1777,639656000.0
2006-12-13,1777,683956500.0
2006-12-14,1777,695842000.0
2006-12-15,1777,719613000.0
2006-12-18,1777,734740000.0
2006-12-19,1777,732579000.0
2006-12-20,1777,723935000.0
2006-12-21,1777,721774000.0
2006-12-22,1777,717452000.0
2006-12-25,1777,722854500.0
2006-12-26,1777,719613000.0
2006-12-27,1777,719613000.0
2006-12-28,1777,723935000.0
2006-12-29,1777,730418000.0
2007-01-02,1777,734740000.0
2007-01-03,1777,734740000.0
2007-01-04,1777,736901000.0
2007-01-05,1777,732579000.0
2007-01-08,1777,726096000.0
2007-01-09,1777,728257000.0
2007-01-10,1777,729337500.0
2007-01-11,1777,720693500.0
2007-01-12,1777,721774000.0
2007-01-15,1777,723935000.0
2007-01-16,1777,723935000.0
2007-01-17,1777,723935000.0
2007-01-18,1777,719613000.0
2007-01-19,1777,713130000.0
2007-01-22,1777,713130000.0
2007-01-23,1777,702325000.0
2007-01-24,1777,708808000.0
2007-01-25,1777,708808000.0
2007-01-26,1777,713130000.0
2007-01-29,1777,719613000.0
2007-01-30,1777,721774000.0
2007-01-31,1777,719613000.0
2007-02-01,1777,719613000.0
2007-02-02,1777,719613000.0
2007-02-05,1777,717452000.0
2007-02-06,1777,713130000.0
2007-02-07,1777,719613000.0
2007-02-08,1777,713130000.0
2007-02-09,1777,719613000.0
2007-02-12,1777,717452000.0
2007-02-13,1777,730418000.0
2007-02-14,1777,723935000.0
2007-02-26,1777,730418000.0
2007-02-27,1777,729337500.0
2007-03-01,1777,727176500.0
2007-03-02,1777,727176500.0
2007-03-05,1777,719613000.0
2007-03-06,1777,749867000.0
2007-03-07,1777,745545000.0
2007-03-08,1777,747706000.0
2007-03-09,1777,741223000.0
2007-03-12,1777,736901000.0
2007-03-13,1777,736901000.0
2007-03-14,1777,734740000.0
2007-03-15,1777,732579000.0
2007-03-16,1777,732579000.0
2007-03-19,1777,731498500.0
2007-03-20,1777,730418000.0
2007-03-21,1777,732579000.0
2007-03-22,1777,734740000.0
2007-03-23,1777,730418000.0
2007-03-26,1777,730418000.0
2007-03-27,1777,728257000.0
2007-03-28,1777,728257000.0
2007-03-29,1777,730418000.0
2007-03-30,1777,731498500.0
2007-04-02,1777,729337500.0
2007-04-03,1777,760672000.0
2007-04-04,1777,766074500.0
2007-04-09,1777,749867000.0
2007-04-10,1777,749867000.0
2007-04-11,1777,767155000.0
2007-04-12,1777,767155000.0
2007-04-13,1777,766074500.0
2007-04-16,1777,773638000.0
2007-04-17,1777,777960000.0
2007-04-18,1777,775799000.0
2007-04-19,1777,780121000.0
2007-04-20,1777,780121000.0
2007-04-23,1777,786604000.0
2007-04-24,1777,777960000.0
2007-04-25,1777,775799000.0
2007-04-26,1777,772557500.0
2007-04-27,1777,754189000.0
2007-04-30,1777,734740000.0
2007-05-02,1777,726096000.0
2007-05-03,1777,728257000.0
2007-05-04,1777,729337500.0
2007-05-07,1777,728257000.0
2007-05-08,1777,743384000.0
2007-05-09,1777,747706000.0
2007-05-10,1777,756350000.0
2007-05-11,1777,761752500.0
2007-05-14,1777,814697000.0
2007-05-15,1777,776879500.0
2007-05-16,1777,764994000.0
2007-05-17,1777,769316000.0
2007-05-18,1777,754189000.0
2007-05-21,1777,734740000.0
2007-05-22,1777,748786500.0
2007-05-23,1777,760672000.0
2007-05-24,1777,750947500.0
2007-05-25,1777,749867000.0
2007-05-28,1777,739062000.0
2007-05-29,1777,739062000.0
2007-05-30,1777,731498500.0
2007-05-31,1777,734740000.0
2007-06-01,1777,737981500.0
2007-06-04,1777,732579000.0
2007-06-05,1777,723935000.0
2007-06-06,1777,726096000.0
2007-06-07,1777,745545000.0
2007-06-08,1777,762833000.0
2007-06-11,1777,761752500.0
2007-06-12,1777,756350000.0
2007-06-13,1777,747706000.0
2007-06-14,1777,739062000.0
2007-06-15,1777,749867000.0
2007-06-20,1777,747706000.0
2007-06-21,1777,743384000.0
2007-06-22,1777,741223000.0
2007-06-25,1777,814697000.0
2007-06-26,1777,870883000.0
2007-06-27,1777,929230000.0
2007-06-28,1777,994060000.0
2007-06-29,1777,937874000.0
2007-07-02,1777,976772000.0
2007-07-03,1777,1032958000.0
2007-07-04,1777,1086983000.0
2007-07-05,1777,1162618000.0
2007-07-06,1777,1048085000.0
2007-07-09,1777,1029716500.0
2007-07-10,1777,1032958000.0
2007-07-11,1777,1097788000.0
2007-07-12,1777,1173423000.0
2007-07-13,1777,1223126000.0
2007-07-16,1777,1138847000.0
2007-07-17,1777,1177745000.0
2007-07-18,1777,1156135000.0
2007-07-19,1777,1102110000.0
2007-07-20,1777,1028636000.0
2007-07-23,1777,1099949000.0
2007-07-24,1777,1145330000.0
2007-07-25,1777,1145330000.0
2007-07-26,1777,1065373000.0
2007-07-27,1777,1017831000.0
2007-07-30,1777,987577000.0
2007-07-31,1777,1055648500.0
2007-08-01,1777,1011348000.0
2007-08-02,1777,941115500.0
2007-08-03,1777,933552000.0
2007-08-06,1777,879527000.0
2007-08-07,1777,880607500.0
2007-08-08,1777,942196000.0
2007-08-09,1777,951920500.0
2007-08-10,1777,903298000.0
2007-08-13,1777,888171000.0
2007-08-14,1777,890332000.0
2007-08-15,1777,864400000.0
2007-08-16,1777,810375000.0
2007-08-17,1777,775799000.0
2007-08-20,1777,829824000.0
2007-08-21,1777,801731000.0
2007-08-22,1777,793087000.0
2007-08-23,1777,814697000.0
2007-08-24,1777,833065500.0
2007-08-27,1777,836307000.0
2007-08-28,1777,815777500.0
2007-08-29,1777,831985000.0
2007-08-30,1777,825502000.0
2007-08-31,1777,823341000.0
2007-09-03,1777,836307000.0
2007-09-04,1777,816858000.0
2007-09-05,1777,867641500.0
2007-09-06,1777,840629000.0
2007-09-07,1777,856836500.0
2007-09-10,1777,864400000.0
2007-09-11,1777,873044000.0
2007-09-12,1777,842790000.0
2007-09-13,1777,864400000.0
2007-09-14,1777,860078000.0
2007-09-17,1777,864400000.0
2007-09-19,1777,862239000.0
2007-09-20,1777,849273000.0
2007-09-21,1777,842790000.0
2007-09-26,1777,814697000.0
2007-09-27,1777,821180000.0
2007-09-28,1777,827663000.0
2007-10-01,1777,829824000.0
2007-10-02,1777,827663000.0
2007-10-03,1777,842790000.0
2007-10-04,1777,838468000.0
2007-10-05,1777,838468000.0
2007-10-08,1777,821180000.0
2007-10-09,1777,801731000.0
2007-10-11,1777,820099500.0
2007-10-12,1777,816858000.0
2007-10-15,1777,795248000.0
2007-10-16,1777,785523500.0
2007-10-17,1777,780121000.0
2007-10-18,1777,780121000.0
2007-10-19,1777,788765000.0
2007-10-22,1777,767155000.0
2007-10-23,1777,757430500.0
2007-10-24,1777,749867000.0
2007-10-25,1777,749867000.0
2007-10-26,1777,743384000.0
2007-10-29,1777,730418000.0
2007-10-30,1777,739062000.0
2007-10-31,1777,721774000.0
2007-11-01,1777,701244500.0
2007-11-02,1777,663427000.0
2007-11-05,1777,642897500.0
2007-11-06,1777,643978000.0
2007-11-07,1777,637495000.0
2007-11-08,1777,615885000.0
2007-11-09,1777,605080000.0
2007-11-12,1777,579148000.0
2007-11-13,1777,579148000.0
2007-11-14,1777,607241000.0
2007-11-15,1777,602919000.0
2007-11-16,1777,613724000.0
2007-11-19,1777,646139000.0
2007-11-20,1777,626690000.0
2007-11-21,1777,646139000.0
2007-11-22,1777,622368000.0
2007-11-23,1777,611563000.0
2007-11-26,1777,600758000.0
2007-11-27,1777,598597000.0
2007-11-28,1777,594275000.0
2007-11-29,1777,597516500.0
2007-11-30,1777,602919000.0
2007-12-03,1777,615885000.0
2007-12-04,1777,618046000.0
2007-12-05,1777,624529000.0
2007-12-06,1777,611563000.0
2007-12-07,1777,620207000.0
2007-12-10,1777,615885000.0
2007-12-11,1777,602919000.0
2007-12-12,1777,607241000.0
2007-12-13,1777,585631000.0
2007-12-14,1777,583470000.0
2007-12-17,1777,564021000.0
2007-12-18,1777,540250000.0
2007-12-19,1777,540250000.0
2007-12-20,1777,531606000.0
2007-12-21,1777,514318000.0
2007-12-24,1777,522962000.0
2007-12-25,1777,527284000.0
2007-12-26,1777,535928000.0
2007-12-27,1777,546733000.0
2007-12-28,1777,570504000.0
2007-12-31,1777,572665000.0
2008-01-02,1777,570504000.0
2008-01-03,1777,551055000.0
2008-01-04,1777,543491500.0
2008-01-07,1777,533767000.0
2008-01-08,1777,529445000.0
2008-01-09,1777,529445000.0
2008-01-10,1777,540250000.0
2008-01-11,1777,542411000.0
2008-01-14,1777,540250000.0
2008-01-15,1777,557538000.0
2008-01-16,1777,544572000.0
2008-01-17,1777,540250000.0
2008-01-18,1777,551055000.0
2008-01-21,1777,553216000.0
2008-01-22,1777,529445000.0
2008-01-24,1777,529445000.0
2008-01-28,1777,509996000.0
2008-01-29,1777,509996000.0
2008-01-30,1777,514318000.0
2008-01-31,1777,509996000.0
2008-02-01,1777,522962000.0
2008-02-12,1777,522962000.0
2008-02-13,1777,531606000.0
2008-02-14,1777,542411000.0
2008-02-15,1777,549974500.0
2008-02-18,1777,587792000.0
2008-02-19,1777,628851000.0
2008-02-20,1777,600758000.0
2008-02-21,1777,615885000.0
2008-02-22,1777,624529000.0
2008-02-25,1777,607241000.0
2008-02-26,1777,600758000.0
2008-02-27,1777,609402000.0
2008-02-29,1777,615885000.0
2008-03-03,1777,615885000.0
2008-03-04,1777,624529000.0
2008-03-05,1777,602919000.0
2008-03-06,1777,607241000.0
2008-03-07,1777,605080000.0
2008-03-10,1777,591033500.0
2008-03-11,1777,594275000.0
2008-03-12,1777,596436000.0
2008-03-13,1777,602919000.0
2008-03-14,1777,611563000.0
2008-03-17,1777,594275000.0
2008-03-18,1777,609402000.0
2008-03-19,1777,594275000.0
2008-03-20,1777,600758000.0
2008-03-21,1777,641817000.0
2008-03-24,1777,686117500.0
2008-03-25,1777,713130000.0
2008-03-26,1777,754189000.0
2008-03-27,1777,760672000.0
2008-03-28,1777,762833000.0
2008-03-31,1777,762833000.0
2008-04-01,1777,748786500.0
2008-04-02,1777,696922500.0
2008-04-03,1777,678554000.0
2008-04-07,1777,691520000.0
2008-04-08,1777,687198000.0
2008-04-09,1777,687198000.0
2008-04-10,1777,687198000.0
2008-04-11,1777,679634500.0
2008-04-14,1777,674232000.0
2008-04-15,1777,687198000.0
2008-04-16,1777,704486000.0
2008-04-17,1777,753108500.0
2008-04-18,1777,804972500.0
2008-04-21,1777,842790000.0
2008-04-22,1777,864400000.0
2008-04-23,1777,886010000.0
2008-04-24,1777,875205000.0
2008-04-25,1777,890332000.0
2008-04-28,1777,879527000.0
2008-04-29,1777,888171000.0
2008-04-30,1777,826582500.0
2008-05-02,1777,788765000.0
2008-05-05,1777,760672000.0
2008-05-06,1777,760672000.0
2008-05-07,1777,813616500.0
2008-05-08,1777,821180000.0
2008-05-09,1777,793087000.0
2008-05-12,1777,777960000.0
2008-05-13,1777,788765000.0
2008-05-14,1777,788765000.0
2008-05-15,1777,788765000.0
2008-05-16,1777,794167500.0
2008-05-19,1777,829824000.0
2008-05-20,1777,803892000.0
2008-05-21,1777,788765000.0
2008-05-22,1777,779040500.0
2008-05-23,1777,767155000.0
2008-05-26,1777,732579000.0
2008-05-27,1777,741223000.0
2008-05-28,1777,728257000.0
2008-05-29,1777,732579000.0
2008-05-30,1777,717452000.0
2008-06-02,1777,721774000.0
2008-06-03,1777,713130000.0
2008-06-04,1777,715291000.0
2008-06-05,1777,729337500.0
2008-06-06,1777,723935000.0
2008-06-09,1777,714210500.0
2008-06-10,1777,704486000.0
2008-06-11,1777,695842000.0
2008-06-12,1777,665588000.0
2008-06-13,1777,669910000.0
2008-06-16,1777,674232000.0
2008-06-17,1777,659105000.0
2008-06-18,1777,669910000.0
2008-06-19,1777,668829500.0
2008-06-20,1777,662346500.0
2008-06-23,1777,659105000.0
2008-06-24,1777,650461000.0
2008-06-25,1777,659105000.0
2008-06-26,1777,669910000.0
2008-06-27,1777,654783000.0
2008-06-30,1777,650461000.0
2008-07-01,1777,613724000.0
2008-07-02,1777,631012000.0
2008-07-03,1777,672071000.0
2008-07-04,1777,662346500.0
2008-07-07,1777,628851000.0
2008-07-08,1777,652622000.0
2008-07-09,1777,643978000.0
2008-07-10,1777,635334000.0
2008-07-11,1777,637495000.0
2008-07-14,1777,641817000.0
2008-07-15,1777,643978000.0
2008-07-16,1777,634253500.0
2008-07-17,1777,648300000.0
2008-07-18,1777,656944000.0
2008-07-21,1777,676393000.0
2008-07-22,1777,685037000.0
2008-07-23,1777,732579000.0
2008-07-24,1777,764994000.0
2008-07-25,1777,747706000.0
2008-07-29,1777,732579000.0
2008-07-30,1777,740142500.0
2008-07-31,1777,741223000.0
2008-08-01,1777,745545000.0
2008-08-04,1777,740142500.0
2008-08-05,1777,728257000.0
2008-08-06,1777,736901000.0
2008-08-07,1777,736901000.0
2008-08-08,1777,752028000.0
2008-08-11,1777,739062000.0
2008-08-12,1777,747706000.0
2008-08-13,1777,745545000.0
2008-08-14,1777,745545000.0
2008-08-15,1777,741223000.0
2008-08-18,1777,741223000.0
2008-08-19,1777,739062000.0
2008-08-20,1777,739062000.0
2008-08-21,1777,752028000.0
2008-08-22,1777,745545000.0
2008-08-25,1777,745545000.0
2008-08-26,1777,747706000.0
2008-08-27,1777,749867000.0
2008-08-28,1777,745545000.0
2008-08-29,1777,749867000.0
2008-09-01,1777,743384000.0
2008-09-02,1777,737981500.0
2008-09-03,1777,712049500.0
2008-09-04,1777,687198000.0
2008-09-05,1777,685037000.0
2008-09-08,1777,717452000.0
2008-09-09,1777,702325000.0
2008-09-10,1777,704486000.0
2008-09-11,1777,710969000.0
2008-09-12,1777,704486000.0
2008-09-15,1777,691520000.0
2008-09-16,1777,656944000.0
2008-09-17,1777,652622000.0
2008-09-18,1777,637495000.0
2008-09-19,1777,646139000.0
2008-09-22,1777,654783000.0
2008-09-23,1777,639656000.0
2008-09-24,1777,639656000.0
2008-09-25,1777,628851000.0
2008-09-26,1777,624529000.0
2008-09-30,1777,600758000.0
2008-10-01,1777,605080000.0
2008-10-02,1777,598597000.0
2008-10-03,1777,598597000.0
2008-10-06,1777,594275000.0
2008-10-07,1777,589953000.0
2008-10-08,1777,566182000.0
2008-10-09,1777,574826000.0
2008-10-13,1777,566182000.0
2008-10-14,1777,572665000.0
2008-10-15,1777,570504000.0
2008-10-16,1777,561860000.0
2008-10-17,1777,561860000.0
2008-10-20,1777,561860000.0
2008-10-21,1777,568343000.0
2008-10-22,1777,581309000.0
2008-10-23,1777,561860000.0
2008-10-24,1777,549974500.0
2008-10-27,1777,529445000.0
2008-10-28,1777,516479000.0
2008-10-29,1777,516479000.0
2008-10-30,1777,535928000.0
2008-10-31,1777,540250000.0
2008-11-03,1777,551055000.0
2008-11-04,1777,553216000.0
2008-11-05,1777,557538000.0
2008-11-06,1777,548894000.0
2008-11-07,1777,571584500.0
2008-11-10,1777,592114000.0
2008-11-11,1777,551055000.0
2008-11-12,1777,533767000.0
2008-11-13,1777,529445000.0
2008-11-14,1777,537008500.0
2008-11-18,1777,507835000.0
2008-11-19,1777,507835000.0
2008-11-20,1777,516479000.0
2008-11-21,1777,526203500.0
2008-11-24,1777,526203500.0
2008-11-25,1777,529445000.0
2008-11-26,1777,529445000.0
2008-11-27,1777,529445000.0
2008-11-28,1777,527284000.0
2008-12-01,1777,534847500.0
2008-12-02,1777,0.0
2008-12-03,1777,522962000.0
2008-12-04,1777,522962000.0
2008-12-05,1777,522962000.0
2008-12-08,1777,535928000.0
2008-12-09,1777,529445000.0
2008-12-10,1777,546733000.0
2008-12-11,1777,546733000.0
2008-12-12,1777,542411000.0
2008-12-15,1777,531606000.0
2008-12-16,1777,0.0
2008-12-17,1777,531606000.0
2008-12-18,1777,540250000.0
2008-12-19,1777,540250000.0
2008-12-22,1777,540250000.0
2008-12-23,1777,532686500.0
2008-12-24,1777,533767000.0
2008-12-25,1777,540250000.0
2008-12-26,1777,540250000.0
2008-12-29,1777,540250000.0
2008-12-30,1777,548894000.0
2008-12-31,1777,548894000.0
2009-01-05,1777,555377000.0
2009-01-06,1777,559699000.0
2009-01-07,1777,561860000.0
2009-01-08,1777,559699000.0
2009-01-09,1777,565101500.0
2009-01-12,1777,564021000.0
2009-01-13,1777,561860000.0
2009-01-14,1777,566182000.0
2009-01-15,1777,553216000.0
2009-01-16,1777,546733000.0
2009-01-19,1777,551055000.0
2009-01-20,1777,544572000.0
2009-01-21,1777,557538000.0
2009-02-02,1777,557538000.0
2009-02-03,1777,548894000.0
2009-02-04,1777,553216000.0
2009-02-05,1777,561860000.0
2009-02-06,1777,557538000.0
2009-02-09,1777,559699000.0
2009-02-10,1777,570504000.0
2009-02-11,1777,557538000.0
2009-02-12,1777,571584500.0
2009-02-13,1777,559699000.0
2009-02-16,1777,574826000.0
2009-02-17,1777,564021000.0
2009-02-18,1777,555377000.0
2009-02-19,1777,566182000.0
2009-02-20,1777,553216000.0
2009-02-23,1777,561860000.0
2009-02-24,1777,559699000.0
2009-02-25,1777,561860000.0
2009-02-26,1777,566182000.0
2009-02-27,1777,570504000.0
2009-03-02,1777,559699000.0
2009-03-03,1777,555377000.0
2009-03-04,1777,579148000.0
2009-03-05,1777,579148000.0
2009-03-06,1777,572665000.0
2009-03-09,1777,600758000.0
2009-03-10,1777,588872500.0
2009-03-11,1777,580228500.0
2009-03-12,1777,589953000.0
2009-03-13,1777,589953000.0
2009-03-16,1777,626690000.0
2009-03-17,1777,620207000.0
2009-03-18,1777,611563000.0
2009-03-19,1777,628851000.0
2009-03-20,1777,608321500.0
2009-03-23,1777,633173000.0
2009-03-24,1777,637495000.0
2009-03-25,1777,622368000.0
2009-03-26,1777,641817000.0
2009-03-27,1777,686117500.0
2009-03-30,1777,703405500.0
2009-03-31,1777,654783000.0
2009-04-01,1777,691520000.0
2009-04-02,1777,723935000.0
2009-04-03,1777,698003000.0
2009-04-06,1777,691520000.0
2009-04-07,1777,726096000.0
2009-04-08,1777,728257000.0
2009-04-09,1777,730418000.0
2009-04-10,1777,730418000.0
2009-04-13,1777,734740000.0
2009-04-14,1777,739062000.0
2009-04-15,1777,721774000.0
2009-04-16,1777,708808000.0
2009-04-17,1777,708808000.0
2009-04-20,1777,694761500.0
2009-04-21,1777,723935000.0
2009-04-22,1777,741223000.0
2009-04-23,1777,747706000.0
2009-04-24,1777,737981500.0
2009-04-27,1777,788765000.0
2009-04-28,1777,788765000.0
2009-04-29,1777,733659500.0
2009-04-30,1777,768235500.0
2009-05-04,1777,777960000.0
2009-05-05,1777,788765000.0
2009-05-06,1777,795248000.0
2009-05-07,1777,771477000.0
2009-05-08,1777,821180000.0
2009-05-11,1777,851434000.0
2009-05-12,1777,812536000.0
2009-05-13,1777,816858000.0
2009-05-14,1777,816858000.0
2009-05-15,1777,804972500.0
2009-05-18,1777,821180000.0
2009-05-19,1777,827663000.0
2009-05-20,1777,842790000.0
2009-05-21,1777,809294500.0
2009-05-22,1777,810375000.0
2009-05-25,1777,801731000.0
2009-05-26,1777,797409000.0
2009-05-27,1777,806053000.0
2009-06-01,1777,834146000.0
2009-06-02,1777,822260500.0
2009-06-03,1777,820099500.0
2009-06-04,1777,815777500.0
2009-06-05,1777,821180000.0
2009-06-08,1777,821180000.0
2009-06-09,1777,794167500.0
2009-06-10,1777,787684500.0
2009-06-11,1777,797409000.0
2009-06-15,1777,788765000.0
2009-06-16,1777,782282000.0
2009-06-17,1777,780121000.0
2009-06-18,1777,772557500.0
2009-06-19,1777,767155000.0
2009-06-22,1777,767155000.0
2009-06-23,1777,764994000.0
2009-06-24,1777,771477000.0
2009-06-25,1777,777960000.0
2009-06-26,1777,788765000.0
2009-06-29,1777,782282000.0
2009-06-30,1777,788765000.0
2009-07-01,1777,787684500.0
2009-07-02,1777,801731000.0
2009-07-03,1777,810375000.0
2009-07-06,1777,825502000.0
2009-07-07,1777,842790000.0
2009-07-08,1777,855756000.0
2009-07-09,1777,915183500.0
2009-07-10,1777,922747000.0
2009-07-13,1777,927069000.0
2009-07-14,1777,991899000.0
2009-07-15,1777,1061051000.0
2009-07-16,1777,1123720000.0
2009-07-17,1777,1145330000.0
2009-07-20,1777,1169101000.0
2009-07-21,1777,1145330000.0
2009-07-22,1777,1147491000.0
2009-07-23,1777,974611000.0
2009-07-24,1777,953001000.0
2009-07-27,1777,991899000.0
2009-07-28,1777,965967000.0
2009-07-29,1777,989738000.0
2009-07-30,1777,994060000.0
2009-07-31,1777,1009187000.0
2009-08-03,1777,1004865000.0
2009-08-04,1777,965967000.0
2009-08-05,1777,901137000.0
2009-08-06,1777,907620000.0
2009-08-10,1777,916264000.0
2009-08-11,1777,991250700.0
2009-08-12,1777,981742300.0
2009-08-13,1777,990062150.0
2009-08-14,1777,976988100.0
2009-08-17,1777,946085800.0
2009-08-18,1777,912806400.0
2009-08-19,1777,924691900.0
2009-08-20,1777,898543800.0
2009-08-21,1777,960348400.0
2009-08-24,1777,1003136200.0
2009-08-25,1777,1069695000.0
2009-08-26,1777,1144573650.0
2009-08-27,1777,1064940800.0
2009-08-28,1777,1019775900.0
2009-08-31,1777,1026907200.0
2009-09-01,1777,1022153000.0
2009-09-02,1777,1034038500.0
2009-09-03,1777,1019775900.0
2009-09-04,1777,1017398800.0
2009-09-07,1777,1019775900.0
2009-09-08,1777,993627800.0
2009-09-09,1777,1019775900.0
2009-09-10,1777,1009078950.0
2009-09-11,1777,1012644600.0
2009-09-14,1777,996004900.0
2009-09-15,1777,998382000.0
2009-09-16,1777,988873600.0
2009-09-17,1777,987685050.0
2009-09-18,1777,996004900.0
2009-09-21,1777,1031661400.0
2009-09-22,1777,1038792700.0
2009-09-23,1777,1019775900.0
2009-09-24,1777,1005513300.0
2009-09-25,1777,1007890400.0
2009-09-28,1777,998382000.0
2009-09-29,1777,1000759100.0
2009-09-30,1777,1011456050.0
2009-10-01,1777,1007890400.0
2009-10-02,1777,1000759100.0
2009-10-05,1777,1007890400.0
2009-10-06,1777,1009078950.0
2009-10-07,1777,1009078950.0
2009-10-08,1777,987685050.0
2009-10-09,1777,967479700.0
2009-10-12,1777,955594200.0
2009-10-13,1777,956782750.0
2009-10-14,1777,972233900.0
2009-10-15,1777,953217100.0
2009-10-16,1777,954405650.0
2009-10-19,1777,950840000.0
2009-10-20,1777,955594200.0
2009-10-21,1777,960348400.0
2009-10-22,1777,952028550.0
2009-10-23,1777,954405650.0
2009-10-26,1777,952028550.0
2009-10-27,1777,934200300.0
2009-10-28,1777,929446100.0
2009-10-29,1777,915183500.0
2009-10-30,1777,903298000.0
2009-11-02,1777,903298000.0
2009-11-03,1777,903298000.0
2009-11-04,1777,916372050.0
2009-11-05,1777,908052200.0
2009-11-06,1777,908052200.0
2009-11-09,1777,903298000.0
2009-11-10,1777,905675100.0
2009-11-11,1777,915183500.0
2009-11-12,1777,915183500.0
2009-11-13,1777,915183500.0
2009-11-16,1777,915183500.0
2009-11-17,1777,918749150.0
2009-11-18,1777,931823200.0
2009-11-19,1777,929446100.0
2009-11-20,1777,943708700.0
2009-11-23,1777,934200300.0
2009-11-24,1777,936577400.0
2009-11-25,1777,931823200.0
2009-11-26,1777,950840000.0
2009-11-27,1777,927069000.0
2009-11-30,1777,912806400.0
2009-12-01,1777,941331600.0
2009-12-02,1777,938954500.0
2009-12-03,1777,924691900.0
2009-12-04,1777,921126250.0
2009-12-07,1777,938954500.0
2009-12-08,1777,936577400.0
2009-12-09,1777,938954500.0
2009-12-10,1777,935388850.0
2009-12-11,1777,930634650.0
2009-12-14,1777,935388850.0
2009-12-15,1777,949651450.0
2009-12-16,1777,960348400.0
2009-12-17,1777,942520150.0
2009-12-18,1777,948462900.0
2009-12-21,1777,936577400.0
2009-12-22,1777,941331600.0
2009-12-23,1777,925880450.0
2009-12-24,1777,922314800.0
2009-12-25,1777,924691900.0
2009-12-28,1777,927069000.0
2009-12-29,1777,924691900.0
2009-12-30,1777,931823200.0
2009-12-31,1777,934200300.0
2021-01-04,1777,2299555575.0
2021-01-05,1777,2278513890.0
2021-01-06,1777,2248454340.0
2021-01-07,1777,2248454340.0
2021-01-08,1777,2245448385.0
2021-01-11,1777,2227412655.0
2021-01-12,1777,2224406700.0
2021-01-13,1777,2218394790.0
2021-01-14,1777,2218394790.0
2021-01-15,1777,2221400745.0
2021-01-18,1777,2218394790.0
2021-01-19,1777,2233424565.0
2021-01-20,1777,2215388835.0
2021-01-21,1777,2200359060.0
2021-01-22,1777,2185329285.0
2021-01-25,1777,2227412655.0
2021-01-26,1777,2203365015.0
2021-01-27,1777,2206370970.0
2021-01-28,1777,2209376925.0
2021-01-29,1777,2209376925.0
2021-02-01,1777,2200359060.0
2021-02-02,1777,2215388835.0
2021-02-03,1777,2215388835.0
2021-02-05,1777,2224406700.0
2021-02-17,1777,2227412655.0
2021-02-18,1777,2263484115.0
2021-02-19,1777,2266490070.0
2021-02-22,1777,2263484115.0
2021-02-23,1777,2287531755.0
2021-02-24,1777,2293543665.0
2021-02-25,1777,2302561530.0
2021-02-26,1777,2479912875.0
2021-03-02,1777,2615180850.0
2021-03-03,1777,2630210625.0
2021-03-04,1777,2588127255.0
2021-03-05,1777,2518990290.0
2021-03-08,1777,2564079615.0
2021-03-09,1777,2579109390.0
2021-03-10,1777,2615180850.0
2021-03-11,1777,2615180850.0
2021-03-12,1777,2639228490.0
2021-03-15,1777,2636222535.0
2021-03-16,1777,0.0
2021-03-17,1777,2720389275.0
2021-03-18,1777,2723395230.0
2021-03-19,1777,2717383320.0
2021-03-22,1777,2711371410.0
2021-03-23,1777,2780508375.0
2021-03-24,1777,2843633430.0
2021-03-25,1777,2849645340.0
2021-03-26,1777,2840627475.0
2021-03-29,1777,2855657250.0
2021-03-30,1777,2870687025.0
2021-03-31,1777,2909764440.0
2021-04-01,1777,2930806125.0
2021-04-06,1777,2945835900.0
2021-04-07,1777,2948841855.0
2021-04-08,1777,3156252750.0
2021-04-09,1777,3141222975.0
2021-04-12,1777,3291520725.0
2021-04-13,1777,3486907800.0
2021-04-14,1777,3306550500.0
2021-04-15,1777,3456848250.0
2021-04-16,1777,3501937575.0
2021-04-19,1777,3547026900.0
2021-04-20,1777,3366669600.0
2021-04-21,1777,3096133650.0
2021-04-22,1777,2909764440.0
2021-04-23,1777,2873692980.0
2021-04-26,1777,2894734665.0
2021-04-28,1777,3005955000.0
2021-04-29,1777,3020984775.0
2021-05-03,1777,2999943090.0
2021-05-04,1777,2942829945.0
2021-05-05,1777,3005955000.0
2021-05-06,1777,3051044325.0
2021-05-07,1777,2996937135.0
2021-05-10,1777,2999943090.0
2021-05-11,1777,2870687025.0
2021-05-12,1777,2654258265.0
2021-05-13,1777,2615180850.0
2021-05-14,1777,2660270175.0
2021-05-17,1777,2534020065.0
2021-05-18,1777,2633216580.0
2021-05-19,1777,2672293995.0
2021-05-20,1777,2422799730.0
2021-05-21,1777,2491936695.0
2021-05-24,1777,2434823550.0
2021-05-25,1777,2404764000.0
2021-05-26,1777,2401758045.0
2021-05-27,1777,2413781865.0
2021-05-28,1777,2434823550.0
2021-05-31,1777,2431817595.0
2021-06-01,1777,2416787820.0
2021-06-02,1777,2434823550.0
2021-06-03,1777,2470895010.0
2021-06-04,1777,2446847370.0
2021-06-07,1777,2404764000.0
2021-06-08,1777,2422799730.0
2021-06-09,1777,2392740180.0
2021-06-10,1777,2386728270.0
2021-06-11,1777,2404764000.0
2021-06-15,1777,2389734225.0
2021-06-16,1777,2398752090.0
2021-06-17,1777,2386728270.0
2021-06-18,1777,2383722315.0
2021-06-21,1777,2329615125.0
2021-06-22,1777,2329615125.0
2021-06-23,1777,2341638945.0
2021-06-24,1777,2407769955.0
2021-06-25,1777,2380716360.0
2021-06-28,1777,2368692540.0
2021-06-29,1777,2389734225.0
2021-06-30,1777,2368692540.0
2021-07-01,1777,2350656810.0
2021-07-02,1777,2350656810.0
2021-07-05,1777,2335627035.0
2021-07-06,1777,2323603215.0
2021-07-07,1777,2314585350.0
2021-07-08,1777,2311579395.0
2021-07-09,1777,2293543665.0
2021-07-12,1777,2299555575.0
2021-07-13,1777,2263484115.0
2021-07-14,1777,2236430520.0
2021-07-15,1777,2254466250.0
2021-07-16,1777,2272501980.0
2021-07-19,1777,2278513890.0
2021-07-20,1777,2302561530.0
2021-07-21,1777,2260478160.0
2021-07-22,1777,2272501980.0
2021-07-23,1777,2266490070.0
2021-07-26,1777,2278513890.0
2021-07-27,1777,2248454340.0
2021-07-28,1777,2191341195.0
2021-07-29,1777,2197353105.0
2021-07-30,1777,2185329285.0
2021-08-02,1777,2197353105.0
2021-08-03,1777,2218394790.0
2021-08-04,1777,2239436475.0
2021-08-05,1777,2224406700.0
2021-08-06,1777,2230418610.0
2021-08-09,1777,2203365015.0
2021-08-10,1777,2197353105.0
2021-08-11,1777,2164287600.0
2021-08-12,1777,2155269735.0
2021-08-13,1777,2137234005.0
2021-08-16,1777,2110180410.0
2021-08-17,1777,2104168500.0
2021-08-18,1777,2104168500.0
2021-08-19,1777,2107174455.0
2021-08-20,1777,2113186365.0
2021-08-23,1777,2122204230.0
2021-08-24,1777,2113186365.0
2021-08-25,1777,2119198275.0
2021-08-26,1777,2122204230.0
2021-08-27,1777,2134228050.0
2021-08-30,1777,2170299510.0
2021-08-31,1777,2194347150.0
2021-09-01,1777,2236430520.0
2021-09-02,1777,2185329285.0
2021-09-03,1777,2194347150.0
2021-09-06,1777,2182323330.0
2021-09-07,1777,2194347150.0
2021-09-08,1777,2179317375.0
2021-09-09,1777,2188335240.0
2021-09-10,1777,2197353105.0
2021-09-13,1777,2191341195.0
2021-09-14,1777,2197353105.0
2021-09-15,1777,2203365015.0
2021-09-16,1777,2098156590.0
2021-09-17,1777,2107174455.0
2021-09-22,1777,2080120860.0
2021-09-24,1777,2089138725.0
2021-09-27,1777,2083126815.0
2021-09-28,1777,2086132770.0
2021-09-29,1777,2092144680.0
2021-09-30,1777,2086132770.0
2021-10-01,1777,2065091085.0
2021-10-04,1777,2041043445.0
2021-10-05,1777,2010983895.0
2021-10-06,1777,2035031535.0
2021-10-07,1777,2062085130.0
2021-10-08,1777,2059079175.0
2021-10-12,1777,2071102995.0
2021-10-13,1777,2056073220.0
2021-10-14,1777,2068097040.0
2021-10-15,1777,2065091085.0
2021-10-18,1777,2053067265.0
2021-10-19,1777,2050061310.0
2021-10-20,1777,2059079175.0
2021-10-21,1777,2056073220.0
2021-10-22,1777,2062085130.0
2021-10-25,1777,2047055355.0
2021-10-26,1777,2080120860.0
2021-10-27,1777,2059079175.0
2021-10-28,1777,2068097040.0
2021-10-29,1777,2062085130.0
2021-11-01,1777,2080120860.0
2021-11-02,1777,2119198275.0
2021-11-03,1777,2161281645.0
2021-11-04,1777,2170299510.0
2021-11-05,1777,2158275690.0
2021-11-08,1777,2131222095.0
2021-11-09,1777,2119198275.0
2021-11-10,1777,2125210185.0
2021-11-11,1777,2137234005.0
2021-11-12,1777,2137234005.0
2021-11-15,1777,2146251870.0
2021-11-16,1777,2107174455.0
2021-11-17,1777,2104168500.0
2021-11-18,1777,2098156590.0
2021-11-19,1777,2077114905.0
2021-11-22,1777,2071102995.0
2021-11-23,1777,2059079175.0
2021-11-24,1777,2059079175.0
2021-11-25,1777,2053067265.0
2021-11-26,1777,2020001760.0
2021-11-29,1777,1989942210.0
2021-11-30,1777,1977918390.0
2021-12-01,1777,1989942210.0
2021-12-02,1777,1971906480.0
2021-12-03,1777,1983930300.0
2021-12-06,1777,2013989850.0
2021-12-07,1777,1998960075.0
2021-12-08,1777,1989942210.0
2021-12-09,1777,2647936255.0
2021-12-10,1777,2615888615.0
2021-12-13,1777,2571823110.0
2021-12-14,1777,2571823110.0
2021-12-15,1777,2575829065.0
2021-12-16,1777,2583840975.0
2021-12-17,1777,2583840975.0
2021-12-20,1777,2567817155.0
2021-12-21,1777,2571823110.0
2021-12-22,1777,2567817155.0
2021-12-23,1777,2583840975.0
2021-12-24,1777,2575829065.0
2021-12-27,1777,2579835020.0
2021-12-28,1777,2599864795.0
2021-12-29,1777,2631912435.0
2021-12-30,1777,2615888615.0
2022-01-03,1777,2679983895.0
2022-01-04,1777,2683989850.0
2022-01-05,1777,2667966030.0
2022-01-06,1777,2663960075.0
2022-01-07,1777,2651942210.0
2022-01-10,1777,2675977940.0
2022-01-11,1777,2651942210.0
2022-01-12,1777,2643930300.0
2022-01-13,1777,2651942210.0
2022-01-14,1777,2643930300.0
2022-01-17,1777,2631912435.0
2022-01-18,1777,2623900525.0
2022-01-19,1777,2619894570.0
2022-01-20,1777,2643930300.0
2022-01-21,1777,2623900525.0
2022-01-24,1777,2607876705.0
2022-01-25,1777,2591852885.0
2022-01-26,1777,2599864795.0
2022-02-07,1777,2619894570.0
2022-02-08,1777,2659954120.0
2022-02-09,1777,2659954120.0
2022-02-10,1777,2647936255.0
2022-02-11,1777,2659954120.0
2022-02-14,1777,2631912435.0
2022-02-15,1777,2643930300.0
2022-02-16,1777,2659954120.0
2022-02-17,1777,2696007715.0
2022-02-18,1777,2712031535.0
2022-02-21,1777,2756097040.0
2022-02-22,1777,2732061310.0
2022-02-23,1777,2736067265.0
2022-02-24,1777,2687995805.0
2022-02-25,1777,2700013670.0
2022-03-01,1777,2700013670.0
2022-03-02,1777,2704019625.0
2022-03-03,1777,2704019625.0
2022-03-04,1777,2708025580.0
2022-03-07,1777,2667966030.0
2022-03-08,1777,2679983895.0
2022-03-09,1777,2655948165.0
2022-03-10,1777,2659954120.0
2022-03-11,1777,2647936255.0
2022-03-14,1777,2647936255.0
2022-03-15,1777,2631912435.0
2022-03-16,1777,2615888615.0
2022-03-17,1777,2627906480.0
2022-03-18,1777,2611882660.0
2022-03-21,1777,2619894570.0
2022-03-22,1777,2619894570.0
2022-03-23,1777,2675977940.0
2022-03-24,1777,2635918390.0
2022-03-25,1777,2631912435.0
2022-03-28,1777,2623900525.0
2022-03-29,1777,2639924345.0
2022-03-30,1777,2635918390.0
2022-03-31,1777,2635918390.0
2022-04-01,1777,2631912435.0
2022-04-06,1777,2623900525.0
2022-04-07,1777,2607876705.0
2022-04-08,1777,2607876705.0
2022-04-11,1777,2595858840.0
2022-04-12,1777,2575829065.0
2022-04-13,1777,2659954120.0
2022-04-14,1777,2611882660.0
2022-04-15,1777,2603870750.0
2022-04-18,1777,2643930300.0
2022-04-19,1777,2627906480.0
2022-04-20,1777,2647936255.0
2022-04-21,1777,2675977940.0
2022-04-22,1777,2667966030.0
2022-04-25,1777,2611882660.0
2022-04-26,1777,2615888615.0
2022-04-27,1777,2591852885.0
2022-04-28,1777,2599864795.0
2022-04-29,1777,2607876705.0
2022-05-03,1777,2603870750.0
2022-05-04,1777,2599864795.0
2022-05-05,1777,2587846930.0
2022-05-06,1777,2587846930.0
2022-05-09,1777,2579835020.0
2022-05-10,1777,2563811200.0
2022-05-11,1777,2543781425.0
2022-05-12,1777,2535769515.0
2022-05-13,1777,2563811200.0
2022-05-16,1777,2567817155.0
2022-05-17,1777,2571823110.0
2022-05-18,1777,2563811200.0
2022-05-19,1777,2563811200.0
2022-05-20,1777,2563811200.0
2022-05-23,1777,2567817155.0
2022-05-24,1777,2567817155.0
2022-05-25,1777,2567817155.0
2022-05-26,1777,2571823110.0
2022-05-27,1777,2591852885.0
2022-05-30,1777,2587846930.0
2022-05-31,1777,2583840975.0
2022-06-01,1777,2603870750.0
2022-06-02,1777,2611882660.0
2022-06-06,1777,2611882660.0
2022-06-07,1777,2635918390.0
2022-06-08,1777,2651942210.0
2022-06-09,1777,2667966030.0
2022-06-10,1777,2667966030.0
2022-06-13,1777,2651942210.0
2022-06-14,1777,2655948165.0
2022-06-15,1777,2663960075.0
2022-06-16,1777,2655948165.0
2022-06-17,1777,2643930300.0
2022-06-20,1777,2631912435.0
2022-06-21,1777,2651942210.0
2022-06-22,1777,2611882660.0
2022-06-23,1777,2611882660.0
2022-06-24,1777,2635918390.0
2022-06-27,1777,2639924345.0
2022-06-28,1777,2619894570.0
2022-06-29,1777,2615888615.0
2022-07-01,1777,2583840975.0
2022-07-04,1777,2583840975.0
2022-07-05,1777,2587846930.0
2022-07-06,1777,2579835020.0
2022-07-07,1777,2603870750.0
2022-07-08,1777,2603870750.0
2022-07-11,1777,2619894570.0
2022-07-12,1777,2603870750.0
2022-07-13,1777,2611882660.0
2022-07-14,1777,2615888615.0
2022-07-15,1777,2623900525.0
2022-07-18,1777,2651942210.0
2022-07-19,1777,2667966030.0
2022-07-20,1777,2663960075.0
2022-07-21,1777,2599864795.0
2022-07-22,1777,2611882660.0
2022-07-25,1777,2603870750.0
2022-07-26,1777,2889543002.0
2022-07-27,1777,2920757202.0
2022-07-28,1777,2920757202.0
2022-07-29,1777,2965348915.0
2022-08-01,1777,2969808086.0
2022-08-02,1777,3036695655.0
2022-08-03,1777,3036695655.0
2022-08-04,1777,3036695655.0
2022-08-05,1777,3050073169.0
2022-08-08,1777,2974267257.0
2022-08-09,1777,2974267257.0
2022-08-10,1777,2974267257.0
2022-08-11,1777,3018858970.0
2022-08-12,1777,3027777313.0
2022-08-15,1777,3067909854.0
2022-08-16,1777,3081287368.0
2022-08-17,1777,3076828197.0
2022-08-18,1777,3076828197.0
2022-08-19,1777,3076828197.0
2022-08-22,1777,3134797424.0
2022-08-23,1777,3170470794.0
2022-08-24,1777,3188307480.0
2022-08-25,1777,3183848308.0
2022-08-26,1777,3183848308.0
2022-08-29,1777,3206144165.0
2022-08-30,1777,3219521679.0
2022-08-31,1777,3250735878.0
2022-09-01,1777,3192766651.0
2022-09-02,1777,3188307480.0
2022-09-05,1777,3166011623.0
2022-09-06,1777,3281950077.0
2022-09-07,1777,3223980850.0
2022-09-08,1777,3273031734.0
2022-09-12,1777,3366674332.0
2022-09-13,1777,3397888531.0
2022-09-14,1777,3438021072.0
2022-09-15,1777,3411266045.0
2022-09-16,1777,3402347702.0
2022-09-19,1777,3339919304.0
2022-09-20,1777,3344378475.0
2022-09-21,1777,3348837646.0
2022-09-22,1777,3344378475.0
2022-09-23,1777,3353296818.0
2022-09-26,1777,3295327591.0
2022-09-27,1777,3299786762.0
2022-09-28,1777,3223980850.0
2022-09-29,1777,3268572563.0
2022-09-30,1777,3281950077.0
2022-10-03,1777,3299786762.0
2022-10-04,1777,3344378475.0
2022-10-05,1777,3406806873.0
2022-10-06,1777,3745703892.0
2022-10-07,1777,3656520466.0
2022-10-11,1777,3504908642.0
2022-10-12,1777,3540582012.0
2022-10-13,1777,3339919304.0
2022-10-14,1777,3415725216.0
2022-10-17,1777,3438021072.0
2022-10-18,1777,3464776100.0
2022-10-19,1777,3433561901.0
2022-10-20,1777,3366674332.0
2022-10-21,1777,3344378475.0
2022-10-24,1777,3344378475.0
2022-10-25,1777,3335460132.0
2022-10-26,1777,3384511017.0
2022-10-27,1777,3473694443.0
2022-10-31,1777,3531663670.0
2022-11-01,1777,3522745327.0
2022-11-02,1777,3495990299.0
2022-11-03,1777,3469235271.0
2022-11-04,1777,3491531128.0
2022-11-07,1777,3464776100.0
2022-11-08,1777,3442480244.0
2022-11-09,1777,3424643558.0
2022-11-10,1777,3388970188.0
2022-11-11,1777,3420184387.0
2022-11-14,1777,3415725216.0
2022-11-15,1777,3406806873.0
2022-11-16,1777,3433561901.0
2022-11-17,1777,3500449471.0
2022-11-21,1777,3509367813.0
2022-11-22,1777,3540582012.0
2022-11-23,1777,3567337040.0
2022-11-24,1777,3513826984.0
2022-11-25,1777,3473694443.0
2022-11-28,1777,3455857758.0
2022-11-29,1777,3464776100.0
2022-11-30,1777,3513826984.0
2022-12-01,1777,3518286156.0
2022-12-02,1777,3518286156.0
2022-12-05,1777,3598551239.0
2022-12-06,1777,3589632897.0
2022-12-07,1777,3634224610.0
2022-12-08,1777,3674357151.0
2022-12-09,1777,3723408036.0
2022-12-12,1777,3968662457.0
2022-12-13,1777,3932989087.0
2022-12-14,1777,3794754776.0
2022-12-15,1777,3808132290.0
2022-12-16,1777,3781377262.0
2022-12-19,1777,3848264832.0
2022-12-20,1777,3669897980.0
2022-12-21,1777,3785836434.0
2022-12-22,1777,3852724003.0
2022-12-23,1777,3852724003.0
2022-12-26,1777,3999876656.0
2022-12-27,1777,3901774888.0
2022-12-28,1777,3772458920.0
2022-12-29,1777,3759081406.0
2022-12-30,1777,3754622235.0
2023-01-03,1777,3683275494.0
2023-01-04,1777,3723408036.0
2023-01-05,1777,3683275494.0
2023-01-06,1777,3665438809.0
2023-01-09,1777,3665438809.0
2023-01-10,1777,3625306267.0
2023-01-11,1777,3616387924.0
2023-01-12,1777,3629765438.0
2023-01-13,1777,3620847096.0
2023-01-16,1777,3643142952.0
2023-01-17,1777,3692193836.0
2023-01-30,1777,3652061295.0
2023-01-31,1777,3678816323.0
2023-02-01,1777,3669897980.0
2023-02-02,1777,3687734665.0
2023-02-03,1777,3727867207.0
2023-02-06,1777,3803673119.0
2023-02-07,1777,3817050633.0
2023-02-08,1777,3817050633.0
2023-02-10,1777,3830428147.0
2023-02-13,1777,3834887318.0
2023-02-14,1777,3834887318.0
2023-02-15,1777,3834887318.0
2023-02-16,1777,3848264832.0
2023-02-17,1777,3883938202.0
2023-02-20,1777,3955284943.0
2023-02-21,1777,3999876656.0
2023-02-22,1777,3928529915.0
2023-02-23,1777,3950825772.0
2023-02-24,1777,3910693230.0
2023-03-01,1777,3964203286.0
2023-03-02,1777,3999876656.0
2023-03-03,1777,4013254170.0
2023-03-06,1777,4080141740.0
2023-03-07,1777,4008794999.0
2023-03-08,1777,3946366601.0
2023-03-09,1777,3928529915.0
2023-03-10,1777,3857183175.0
2023-03-13,1777,3843805661.0
2023-03-14,1777,3750163063.0
2023-03-15,1777,3750163063.0
2023-03-16,1777,3647602123.0
2023-03-17,1777,3647602123.0
2023-03-20,1777,3643142952.0
2023-03-21,1777,3665438809.0
2023-03-22,1777,3687734665.0
2023-03-23,1777,3665438809.0
2023-03-24,1777,3652061295.0
2023-03-27,1777,3723408036.0
2023-03-28,1777,3669897980.0
2023-03-29,1777,3710030522.0
2023-03-30,1777,3678816323.0
2023-03-31,1777,3705571350.0
2023-04-06,1777,3705571350.0
2023-04-07,1777,3745703892.0
2023-04-10,1777,3710030522.0
2023-04-11,1777,3692193836.0
2023-04-12,1777,3710030522.0
2023-04-13,1777,3714489693.0
2023-04-14,1777,3901774888.0
2023-04-17,1777,3928529915.0
2023-04-18,1777,3968662457.0
2023-04-19,1777,3973121628.0
2023-04-20,1777,3857183175.0
2023-04-21,1777,3790295605.0
2023-04-24,1777,3834887318.0
2023-04-25,1777,3843805661.0
2023-04-26,1777,3843805661.0
2023-04-27,1777,3973121628.0
2023-04-28,1777,4254049420.0
2023-05-02,1777,4254049420.0
2023-05-03,1777,4320936990.0
2023-05-05,1777,4280804448.0
2023-05-08,1777,4035550027.0
2023-05-09,1777,3937448258.0
2023-05-10,1777,4048927540.0
2023-05-11,1777,3861642346.0
2023-05-12,1777,3879479031.0
2023-05-15,1777,3821509804.0
2023-05-16,1777,3866101517.0
2023-05-17,1777,3906234059.0
2023-05-18,1777,3883938202.0
2023-05-19,1777,3883938202.0
2023-05-22,1777,3910693230.0
2023-05-23,1777,3946366601.0
2023-05-24,1777,3982039971.0
2023-05-25,1777,3986499142.0
2023-05-26,1777,3928529915.0
2023-05-29,1777,3924070744.0
2023-05-30,1777,3924070744.0
2023-05-31,1777,3928529915.0
2023-06-01,1777,3924070744.0
2023-06-02,1777,3919611573.0
2023-06-05,1777,3964203286.0
2023-06-06,1777,4040009198.0
2023-06-07,1777,4084600911.0
2023-06-08,1777,4008794999.0
2023-06-09,1777,4040009198.0
2023-06-12,1777,3959744114.0
2023-06-13,1777,3924070744.0
2023-06-14,1777,3937448258.0
2023-06-15,1777,3910693230.0
2023-06-16,1777,3932989087.0
2023-06-19,1777,3915152401.0
2023-06-20,1777,3906234059.0
2023-06-21,1777,3950825772.0
2023-06-26,1777,3919611573.0
2023-06-27,1777,3968662457.0
2023-06-28,1777,3977580800.0
2023-06-29,1777,3999876656.0
2023-06-30,1777,3986499142.0
2023-07-03,1777,3937448258.0
2023-07-04,1777,3968662457.0
2023-07-05,1777,3973121628.0
2023-07-06,1777,3834887318.0
2023-07-07,1777,3866101517.0
2023-07-10,1777,3852724003.0
2023-07-11,1777,3830428147.0
2023-07-12,1777,3825968975.0
2023-07-13,1777,3839346489.0
2023-07-14,1777,3839346489.0
2023-07-17,1777,3888397374.0
2023-07-18,1777,3857183175.0
2023-07-19,1777,3866101517.0
2023-07-20,1777,3924070744.0
2023-07-21,1777,3759081406.0
2023-07-24,1777,3736785549.0
2023-07-25,1777,3750163063.0
2023-07-26,1777,3776918091.0
2023-07-27,1777,3785836434.0
2023-07-28,1777,3767999749.0
2023-07-31,1777,3759081406.0
2023-08-01,1777,3763540577.0
2023-08-02,1777,3759081406.0
2023-08-04,1777,3861642346.0
2023-08-07,1777,3879479031.0
2023-08-08,1777,3848264832.0
2023-08-09,1777,3834887318.0
2023-08-10,1777,3821509804.0
2023-08-11,1777,3825968975.0
2023-08-14,1777,3781377262.0
2023-08-15,1777,3817050633.0
2023-08-16,1777,3794754776.0
2023-08-17,1777,3790295605.0
2023-08-18,1777,3857183175.0
2023-08-21,1777,3870560688.0
2023-08-22,1777,3839346489.0
2023-08-23,1777,3830428147.0
2023-08-24,1777,3794754776.0
2023-08-25,1777,3794754776.0
2023-08-28,1777,3776918091.0
2023-08-29,1777,3772458920.0
2023-08-30,1777,3794754776.0
2023-08-31,1777,3785836434.0
2023-09-01,1777,3821509804.0
2023-09-04,1777,3861642346.0
2023-09-05,1777,3843805661.0
2023-09-06,1777,3986499142.0
2023-09-07,1777,3955284943.0
2023-09-08,1777,3950825772.0
2023-09-11,1777,3995417485.0
2023-09-12,1777,3999876656.0
2023-09-13,1777,4004335827.0
2023-09-14,1777,3995417485.0
2023-09-15,1777,3964203286.0
2023-09-18,1777,3990958314.0
2023-09-19,1777,3973121628.0
2023-09-20,1777,3941907429.0
2023-09-21,1777,3915152401.0
2023-09-22,1777,3919611573.0
2023-09-25,1777,3932989087.0
2023-09-26,1777,3932989087.0
2023-09-27,1777,3937448258.0
2023-09-28,1777,3950825772.0
2023-10-02,1777,3946366601.0
2023-10-03,1777,3941907429.0
2023-10-04,1777,3915152401.0
2023-10-05,1777,3937448258.0
2023-10-06,1777,3915152401.0
2023-10-11,1777,3767999749.0
2023-10-12,1777,3759081406.0
2023-10-13,1777,3759081406.0
2023-10-16,1777,3763540577.0
2023-10-17,1777,3754622235.0
2023-10-18,1777,3750163063.0
2023-10-19,1777,3750163063.0
2023-10-20,1777,3732326378.0
2023-10-23,1777,3727867207.0
2023-10-24,1777,3727867207.0
2023-10-25,1777,3763540577.0
2023-10-26,1777,3767999749.0
2023-10-27,1777,3772458920.0
2023-10-30,1777,3799213948.0
2023-10-31,1777,3759081406.0
2023-11-01,1777,3759081406.0
2023-11-02,1777,3759081406.0
2023-11-03,1777,3803673119.0
2023-11-06,1777,3794754776.0
2023-11-07,1777,3790295605.0
2023-11-08,1777,3776918091.0
2023-11-09,1777,3772458920.0
2023-11-10,1777,3763540577.0
2023-11-13,1777,3759081406.0
2023-11-14,1777,3759081406.0
2023-11-15,1777,3767999749.0
2023-11-16,1777,3767999749.0
2023-11-17,1777,3812591462.0
2023-11-20,1777,3821509804.0
2023-11-21,1777,3848264832.0
2023-11-22,1777,3834887318.0
2023-11-23,1777,3834887318.0
2023-11-24,1777,3830428147.0
2023-11-27,1777,3888397374.0
2023-11-28,1777,3875019860.0
2023-11-29,1777,3866101517.0
2023-11-30,1777,3852724003.0
2023-12-01,1777,3888397374.0
2023-12-04,1777,3910693230.0
2023-12-05,1777,3875019860.0
2023-12-06,1777,3879479031.0
2023-12-07,1777,3870560688.0
2023-12-08,1777,3852724003.0
2023-12-11,1777,3839346489.0
2023-12-12,1777,3843805661.0
2023-12-13,1777,3848264832.0
2023-12-14,1777,3839346489.0
2023-12-15,1777,3852724003.0
2023-12-18,1777,3848264832.0
2023-12-19,1777,3830428147.0
2023-12-20,1777,3825968975.0
2023-12-21,1777,3839346489.0
2023-12-22,1777,3817050633.0
2023-12-25,1777,3817050633.0
2023-12-26,1777,3817050633.0
2023-12-27,1777,3812591462.0
2023-12-28,1777,3803673119.0
2023-12-29,1777,3799213948.0
2024-01-02,1777,3803673119.0
2024-01-03,1777,3808132290.0
2024-01-04,1777,3790295605.0
2024-01-05,1777,3808132290.0
2024-01-08,1777,3785836434.0
2024-01-09,1777,3772458920.0
2024-01-10,1777,3759081406.0
2024-01-11,1777,3754622235.0
2024-01-12,1777,3759081406.0
2024-01-15,1777,3772458920.0
2024-01-16,1777,3759081406.0
2024-01-17,1777,3732326378.0
2024-01-18,1777,3741244721.0
2024-01-19,1777,3750163063.0
2024-01-22,1777,3741244721.0
2024-01-23,1777,3736785549.0
2024-01-24,1777,3763540577.0
2024-01-25,1777,3759081406.0
2024-01-26,1777,3741244721.0
2024-01-29,1777,3750163063.0
2024-01-30,1777,3759081406.0
2024-01-31,1777,3767999749.0
2024-02-01,1777,3750163063.0
2024-02-02,1777,3736785549.0
2024-02-05,1777,3736785549.0
2024-02-15,1777,3696653008.0
2024-02-16,1777,3710030522.0
2024-02-19,1777,3696653008.0
2024-02-20,1777,3696653008.0
2024-02-21,1777,3701112179.0
2024-02-22,1777,3718948864.0
2024-02-23,1777,3718948864.0
2024-02-26,1777,3696653008.0
2024-02-27,1777,3656520466.0
2024-02-29,1777,3656520466.0
2024-03-01,1777,3674357151.0
2024-03-04,1777,3660979637.0
2024-03-05,1777,3705571350.0
2024-03-06,1777,3723408036.0
2024-03-07,1777,3723408036.0
2024-03-08,1777,3696653008.0
2024-03-11,1777,3701112179.0
2024-03-12,1777,3705571350.0
2024-03-13,1777,3696653008.0
2024-03-14,1777,3701112179.0
2024-03-15,1777,3692193836.0
2024-03-18,1777,3692193836.0
2024-03-19,1777,3701112179.0
2024-03-20,1777,3750163063.0
2024-03-21,1777,3714489693.0
2024-03-22,1777,3705571350.0
2024-03-25,1777,3718948864.0
2024-03-26,1777,3736785549.0
2024-03-27,1777,3736785549.0
2024-03-28,1777,3732326378.0
2024-03-29,1777,3759081406.0
2024-04-01,1777,3750163063.0
2024-04-02,1777,3745703892.0
2024-04-03,1777,3727867207.0
2024-04-08,1777,3727867207.0
2024-04-09,1777,3710030522.0
2024-04-10,1777,3701112179.0
2024-04-11,1777,3692193836.0
2024-04-12,1777,3701112179.0
2024-04-15,1777,3678816323.0
2024-04-16,1777,3647602123.0
2024-04-17,1777,3656520466.0
2024-04-18,1777,3656520466.0
2024-04-19,1777,3643142952.0
2024-04-22,1777,3656520466.0
2024-04-23,1777,3669897980.0
2024-04-24,1777,3665438809.0
2024-04-25,1777,3665438809.0
2024-04-26,1777,3772458920.0
2024-04-29,1777,3750163063.0
2024-04-30,1777,3759081406.0
2024-05-02,1777,3754622235.0
2024-05-03,1777,3763540577.0
2024-05-06,1777,3794754776.0
2024-05-07,1777,3915152401.0
2024-05-08,1777,3915152401.0
2024-05-09,1777,3919611573.0
2024-05-10,1777,3928529915.0
2024-05-13,1777,3932989087.0
2024-05-14,1777,3950825772.0
2024-05-15,1777,3941907429.0
2024-05-16,1777,3959744114.0
2024-05-17,1777,3977580800.0
2024-05-20,1777,3946366601.0
2024-05-21,1777,3968662457.0
2024-05-22,1777,3968662457.0
2024-05-23,1777,3932989087.0
2024-05-24,1777,3924070744.0
2024-05-27,1777,3924070744.0
2024-05-28,1777,3955284943.0
2024-05-29,1777,3950825772.0
2024-05-30,1777,3946366601.0
2024-05-31,1777,3946366601.0
2024-06-03,1777,3950825772.0
2024-06-04,1777,3955284943.0
2024-06-05,1777,3995417485.0
2024-06-06,1777,4022172513.0
2024-06-07,1777,4035550027.0
2024-06-11,1777,4035550027.0
2024-06-12,1777,4026631684.0
2024-06-13,1777,4004335827.0
2024-06-14,1777,4004335827.0
2024-06-17,1777,4017713341.0
2024-06-18,1777,4008794999.0
2024-06-19,1777,4017713341.0
2024-06-20,1777,4031090855.0
2024-06-21,1777,3999876656.0
2024-06-24,1777,4035550027.0
2024-06-25,1777,4031090855.0
2024-06-26,1777,4057845883.0
2024-06-27,1777,4124733453.0
2024-06-28,1777,4115815110.0
2024-07-01,1777,4133651795.0
2024-07-02,1777,4178243508.0
2024-07-03,1777,4182702679.0
2024-07-04,1777,4155947652.0
2024-07-05,1777,4240671906.0
2024-07-08,1777,4378906217.0
2024-07-09,1777,4262967763.0
2024-07-10,1777,4334314504.0
2024-07-11,1777,4682129865.0
2024-07-12,1777,4592946439.0
2024-07-15,1777,4526058870.0
2024-07-16,1777,4503763013.0
2024-07-17,1777,4548354726.0
2024-07-18,1777,4637538152.0
2024-07-19,1777,4356610360.0
2024-07-22,1777,4280804448.0
2024-07-23,1777,4303100305.0
2024-07-26,1777,4320936990.0
2024-07-29,1777,4289722791.0
2024-07-30,1777,4343232846.0
2024-07-31,1777,4423497930.0
2024-08-01,1777,4503763013.0
2024-08-02,1777,4427957101.0
2024-08-05,1777,4218376050.0
2024-08-06,1777,4026631684.0
2024-08-07,1777,4066764226.0
2024-08-08,1777,4080141740.0
2024-08-09,1777,4160406823.0
2024-08-12,1777,4147029309.0
2024-08-13,1777,4115815110.0
2024-08-14,1777,4062305054.0
2024-08-15,1777,4048927540.0
2024-08-16,1777,4066764226.0
2024-08-19,1777,4075682568.0
2024-08-20,1777,4075682568.0
2024-08-21,1777,4102437596.0
2024-08-22,1777,4120274281.0
2024-08-23,1777,4097978425.0
2024-08-26,1777,4106896767.0
2024-08-27,1777,4089060082.0
2024-08-28,1777,4218376050.0
2024-08-29,1777,4191621022.0
2024-08-30,1777,4209457707.0
2024-09-02,1777,4196080193.0
2024-09-03,1777,4191621022.0
2024-09-04,1777,4106896767.0
2024-09-05,1777,4120274281.0
2024-09-06,1777,4209457707.0
2024-09-09,1777,4169325166.0
2024-09-10,1777,4173784337.0
2024-09-11,1777,4129192624.0
2024-09-12,1777,4120274281.0
2024-09-13,1777,4151488480.0
2024-09-16,1777,4169325166.0
2024-09-18,1777,4209457707.0
2024-09-19,1777,4236212735.0
2024-09-20,1777,4325396161.0
2024-09-23,1777,4374447045.0
2024-09-24,1777,4365528703.0
2024-09-25,1777,4374447045.0
2024-09-26,1777,4392283731.0
2024-09-27,1777,4396742902.0
2024-09-30,1777,4361069531.0
2024-10-01,1777,4361069531.0
2024-10-04,1777,4383365388.0
2024-10-07,1777,4383365388.0
2024-10-08,1777,4325396161.0
2024-10-09,1777,4262967763.0
2024-10-11,1777,4285263619.0
2024-10-14,1777,4254049420.0
2024-10-15,1777,4258508592.0
2024-10-16,1777,4254049420.0
2024-10-17,1777,4258508592.0
2024-10-18,1777,4254049420.0
2024-10-21,1777,4280804448.0
2024-10-22,1777,4258508592.0
2024-10-23,1777,4262967763.0
2024-10-24,1777,4249590249.0
2024-10-25,1777,4258508592.0
2024-10-28,1777,4200539365.0
2024-10-29,1777,4151488480.0
2024-10-30,1777,4155947652.0
2024-11-01,1777,4155947652.0
2024-11-04,1777,4240671906.0
2024-11-05,1777,4307559476.0
2024-11-06,1777,4298641133.0
2024-11-07,1777,4316477818.0
2024-11-08,1777,4316477818.0
2024-11-11,1777,4334314504.0
2024-11-12,1777,4303100305.0
2024-11-13,1777,4369987874.0
2024-11-14,1777,4280804448.0
2024-11-15,1777,4320936990.0
2024-11-18,1777,4285263619.0
2024-11-19,1777,4298641133.0
2024-11-20,1777,4312018647.0
2024-11-21,1777,4329855332.0
2024-11-22,1777,4325396161.0
2024-11-25,1777,4334314504.0
2024-11-26,1777,4445793786.0
2024-11-27,1777,4441334615.0
2024-11-28,1777,4334314504.0
2024-11-29,1777,4383365388.0
2024-12-02,1777,4419038758.0
2024-12-03,1777,4383365388.0
2024-12-04,1777,4401202073.0
2024-12-05,1777,4419038758.0
2024-12-06,1777,4378906217.0
2024-12-09,1777,4298641133.0
2024-12-10,1777,4258508592.0
2024-12-11,1777,4249590249.0
2024-12-12,1777,4236212735.0
2024-12-13,1777,4213916879.0
2024-12-16,1777,4164865994.0
2024-12-17,1777,4164865994.0
2024-12-18,1777,4191621022.0
2024-12-19,1777,4155947652.0
2024-12-20,1777,4151488480.0
2024-12-23,1777,4155947652.0
2024-12-24,1777,4120274281.0
2024-12-25,1777,4147029309.0
2024-12-26,1777,4169325166.0
2024-12-27,1777,4173784337.0
2024-12-30,1777,4191621022.0
2024-12-31,1777,4200539365.0
