date,stock_id,market_value
2010-12-23,4737,4514534303.0
2010-12-24,4737,4194921255.0
2010-12-27,4737,3995163100.0
2010-12-28,4737,3943225980.0
2010-12-29,4737,3875308207.0
2010-12-30,4737,3967196958.0
2010-12-31,4737,3935235654.0
2011-01-03,4737,3947221143.0
2011-01-04,4737,3943225980.0
2011-01-05,4737,3887293696.0
2011-01-06,4737,3919255001.0
2011-01-07,4737,4115017993.0
2011-01-10,4737,4055090547.0
2011-01-11,4737,3995163100.0
2011-01-12,4737,3967196958.0
2011-01-13,4737,3959206632.0
2011-01-14,4737,3923250164.0
2011-01-17,4737,3995163100.0
2011-01-18,4737,4035114731.0
2011-01-19,4737,3939230817.0
2011-01-20,4737,3927245327.0
2011-01-21,4737,3915259838.0
2011-01-24,4737,3895284023.0
2011-01-25,4737,3875308207.0
2011-01-26,4737,3907269512.0
2011-01-27,4737,3903274349.0
2011-01-28,4737,3995163100.0
2011-02-08,4737,3939230817.0
2011-02-09,4737,3935235654.0
2011-02-10,4737,3947221143.0
2011-02-11,4737,3915259838.0
2011-02-14,4737,3899279186.0
2011-02-15,4737,3903274349.0
2011-02-16,4737,3879303370.0
2011-02-17,4737,3867317881.0
2011-02-18,4737,3855332392.0
2011-02-21,4737,3871313044.0
2011-02-22,4737,3851337228.0
2011-02-23,4737,3819375924.0
2011-02-24,4737,3779424293.0
2011-02-25,4737,3779424293.0
2011-03-01,4737,3763443640.0
2011-03-02,4737,3795404945.0
2011-03-03,4737,3775429130.0
2011-03-04,4737,3795404945.0
2011-03-07,4737,3971192121.0
2011-03-08,4737,4234872886.0
2011-03-09,4737,4154969624.0
2011-03-10,4737,4214897071.0
2011-03-11,4737,4194921255.0
2011-03-14,4737,4095042178.0
2011-03-15,4737,3959206632.0
2011-03-16,4737,4075066362.0
2011-03-17,4737,4015138916.0
2011-03-18,4737,4015138916.0
2011-03-21,4737,3975187285.0
2011-03-22,4737,3955211469.0
2011-03-23,4737,3935235654.0
2011-03-24,4737,3915259838.0
2011-03-25,4737,3911264675.0
2011-03-28,4737,3875308207.0
2011-03-29,4737,3875308207.0
2011-03-30,4737,3915259838.0
2011-03-31,4737,3951216306.0
2011-04-01,4737,3943225980.0
2011-04-06,4737,3939230817.0
2011-04-07,4737,3931240490.0
2011-04-08,4737,3971192121.0
2011-04-11,4737,3923250164.0
2011-04-12,4737,3915259838.0
2011-04-13,4737,3947221143.0
2011-04-14,4737,3939230817.0
2011-04-15,4737,3971192121.0
2011-04-18,4737,4015138916.0
2011-04-19,4737,3975187285.0
2011-04-20,4737,3995163100.0
2011-04-21,4737,4055090547.0
2011-04-22,4737,4095042178.0
2011-04-25,4737,4134993809.0
2011-04-26,4737,4274824517.0
2011-04-27,4737,4174945440.0
2011-04-28,4737,4194921255.0
2011-04-29,4737,4214897071.0
2011-05-03,4737,4095042178.0
2011-05-04,4737,4274824517.0
2011-05-05,4737,4554485934.0
2011-05-06,4737,4694316643.0
2011-05-09,4737,4754244089.0
2011-05-10,4737,4874098982.0
2011-05-11,4737,4834147351.0
2011-05-12,4737,4734268274.0
2011-05-13,4737,4694316643.0
2011-05-16,4737,4674340827.0
2011-05-17,4737,4694316643.0
2011-05-18,4737,4754244089.0
2011-05-19,4737,4914050613.0
2011-05-20,4737,4794195720.0
2011-05-23,4737,4834147351.0
2011-05-24,4737,4834147351.0
2011-05-25,4737,4734268274.0
2011-05-26,4737,4754244089.0
2011-05-27,4737,4754244089.0
2011-05-30,4737,4714292458.0
2011-05-31,4737,4774219905.0
2011-06-01,4737,4794195720.0
2011-06-02,4737,4734268274.0
2011-06-03,4737,4794195720.0
2011-06-07,4737,4754244089.0
2011-06-08,4737,4674340827.0
2011-06-09,4737,4714292458.0
2011-06-10,4737,4554485934.0
2011-06-13,4737,4454606857.0
2011-06-14,4737,4534510119.0
2011-06-15,4737,4454606857.0
2011-06-16,4737,4314776148.0
2011-06-17,4737,4354727779.0
2011-06-20,4737,4414655226.0
2011-06-21,4737,4434631041.0
2011-06-22,4737,4514534303.0
2011-06-23,4737,4554485934.0
2011-06-24,4737,4494558488.0
2011-06-27,4737,4534510119.0
2011-06-28,4737,4574461750.0
2011-06-29,4737,4574461750.0
2011-06-30,4737,4654365012.0
2011-07-01,4737,4634389196.0
2011-07-04,4737,4794195720.0
2011-07-05,4737,4794195720.0
2011-07-06,4737,4714292458.0
2011-07-07,4737,4714292458.0
2011-07-08,4737,4694316643.0
2011-07-11,4737,4594437565.0
2011-07-12,4737,4634389196.0
2011-07-13,4737,4614413381.0
2011-07-14,4737,4614413381.0
2011-07-15,4737,4674340827.0
2011-07-18,4737,4874098982.0
2011-07-19,4737,4754244089.0
2011-07-20,4737,4874098982.0
2011-07-21,4737,4814171536.0
2011-07-22,4737,4474582672.0
2011-07-25,4737,4374703595.0
2011-07-26,4737,4414655226.0
2011-07-27,4737,4414655226.0
2011-07-28,4737,4394679410.0
2011-07-29,4737,4374703595.0
2011-08-01,4737,4394679410.0
2011-08-02,4737,4334751964.0
2011-08-03,4737,4334751964.0
2011-08-04,4737,4334751964.0
2011-08-05,4737,4174945440.0
2011-08-08,4737,4035114731.0
2011-08-09,4737,4214897071.0
2011-08-10,4737,4214897071.0
2011-08-11,4737,4234872886.0
2011-08-12,4737,4234872886.0
2011-08-15,4737,4334751964.0
2011-08-16,4737,4374703595.0
2011-08-17,4737,4354727779.0
2011-08-18,4737,4334751964.0
2011-08-19,4737,4254848702.0
2011-08-22,4737,4134993809.0
2011-08-23,4737,4214897071.0
2011-08-24,4737,4194921255.0
2011-08-25,4737,4154969624.0
2011-08-26,4737,4254848702.0
2011-08-29,4737,4702306958.0
2011-08-30,4737,4790200546.0
2011-08-31,4737,4790200546.0
2011-09-01,4737,4812173943.0
2011-09-02,4737,4812173943.0
2011-09-05,4737,4746253752.0
2011-09-06,4737,4724280355.0
2011-09-07,4737,4724280355.0
2011-09-08,4737,4746253752.0
2011-09-09,4737,4900067531.0
2011-09-13,4737,4856120737.0
2011-09-14,4737,4834147340.0
2011-09-15,4737,4878094134.0
2011-09-16,4737,4965987722.0
2011-09-19,4737,4900067531.0
2011-09-20,4737,4746253752.0
2011-09-21,4737,4878094134.0
2011-09-22,4737,4746253752.0
2011-09-23,4737,4724280355.0
2011-09-26,4737,4614413370.0
2011-09-27,4737,4680333561.0
2011-09-28,4737,4680333561.0
2011-09-29,4737,4724280355.0
2011-09-30,4737,4724280355.0
2011-10-03,4737,4680333561.0
2011-10-04,4737,4658360164.0
2011-10-05,4737,4614413370.0
2011-10-06,4737,4658360164.0
2011-10-07,4737,4658360164.0
2011-10-11,4737,4658360164.0
2011-10-12,4737,4658360164.0
2011-10-13,4737,4658360164.0
2011-10-14,4737,4636386767.0
2011-10-17,4737,4680333561.0
2011-10-18,4737,4680333561.0
2011-10-19,4737,4658360164.0
2011-10-20,4737,4658360164.0
2011-10-21,4737,4658360164.0
2011-10-24,4737,4680333561.0
2011-10-25,4737,4658360164.0
2011-10-26,4737,4636386767.0
2011-10-27,4737,4680333561.0
2011-10-28,4737,4658360164.0
2011-10-31,4737,4658360164.0
2011-11-01,4737,4658360164.0
2011-11-02,4737,4592439973.0
2011-11-03,4737,4592439973.0
2011-11-04,4737,4592439973.0
2011-11-07,4737,4570466576.0
2011-11-08,4737,4570466576.0
2011-11-09,4737,4526519782.0
2011-11-10,4737,4394679400.0
2011-11-11,4737,4438626194.0
2011-11-14,4737,4460599591.0
2011-11-15,4737,4377100682.0
2011-11-16,4737,4377100682.0
2011-11-17,4737,4355127285.0
2011-11-18,4737,4262839018.0
2011-11-21,4737,4130998636.0
2011-11-22,4737,4043105048.0
2011-11-23,4737,4043105048.0
2011-11-24,4737,4091446521.0
2011-11-25,4737,4051894407.0
2011-11-28,4737,4174945430.0
2011-11-29,4737,4245260300.0
2011-11-30,4737,4130998636.0
2011-12-01,4737,4174945430.0
2011-12-02,4737,4130998636.0
2011-12-05,4737,4139787995.0
2011-12-06,4737,4109025239.0
2011-12-07,4737,4109025239.0
2011-12-08,4737,4078262483.0
2011-12-09,4737,4043105048.0
2011-12-12,4737,4043105048.0
2011-12-13,4737,4038710369.0
2011-12-14,4737,3990368895.0
2011-12-15,4737,3946422101.0
2011-12-16,4737,3933238063.0
2011-12-19,4737,3818976399.0
2011-12-20,4737,3779424284.0
2011-12-21,4737,3906869987.0
2011-12-22,4737,3955211460.0
2011-12-23,4737,4038710369.0
2011-12-26,4737,4016736972.0
2011-12-27,4737,3999158254.0
2011-12-28,4737,3968395498.0
2011-12-29,4737,3893685948.0
2011-12-30,4737,3805792360.0
2012-01-02,4737,3744266849.0
2012-01-03,4737,3797003002.0
2012-01-04,4737,3766240246.0
2012-01-05,4737,3788213643.0
2012-01-06,4737,3744266849.0
2012-01-09,4737,3735477490.0
2012-01-10,4737,3810187040.0
2012-01-11,4737,3867317872.0
2012-01-12,4737,3823371078.0
2012-01-13,4737,3814581719.0
2012-01-16,4737,3814581719.0
2012-01-17,4737,3823371078.0
2012-01-18,4737,4087051842.0
2012-01-30,4737,4152972033.0
2012-01-31,4737,4166156071.0
2012-02-01,4737,4183734789.0
2012-02-02,4737,4196918827.0
2012-02-03,4737,4196918827.0
2012-02-06,4737,4223286903.0
2012-02-07,4737,4245260300.0
2012-02-08,4737,4293601774.0
2012-02-09,4737,4311180491.0
2012-02-10,4737,4306785812.0
2012-02-13,4737,4328759209.0
2012-02-14,4737,4350732606.0
2012-02-15,4737,4438626194.0
2012-02-16,4737,4385890041.0
2012-02-17,4737,4394679400.0
2012-02-20,4737,4394679400.0
2012-02-21,4737,4377100682.0
2012-02-22,4737,4394679400.0
2012-02-23,4737,4394679400.0
2012-02-24,4737,4346337927.0
2012-02-29,4737,4377100682.0
2012-03-01,4737,4394679400.0
2012-03-02,4737,4482572988.0
2012-03-05,4737,4438626194.0
2012-03-06,4737,4416652797.0
2012-03-07,4737,4390284721.0
2012-03-08,4737,4390284721.0
2012-03-09,4737,4368311324.0
2012-03-12,4737,4359521965.0
2012-03-13,4737,4363916644.0
2012-03-14,4737,4385890041.0
2012-03-15,4737,4368311324.0
2012-03-16,4737,4346337927.0
2012-03-19,4737,4350732606.0
2012-03-20,4737,4324364530.0
2012-03-21,4737,4306785812.0
2012-03-22,4737,4293601774.0
2012-03-23,4737,4284812415.0
2012-03-26,4737,4249654980.0
2012-03-27,4737,4196918827.0
2012-03-28,4737,4152972033.0
2012-03-29,4737,4135393315.0
2012-03-30,4737,4161761392.0
2012-04-02,4737,4113419918.0
2012-04-03,4737,4029921010.0
2012-04-05,4737,3955211460.0
2012-04-06,4737,3990368895.0
2012-04-09,4737,3898080628.0
2012-04-10,4737,3893685948.0
2012-04-11,4737,3884896590.0
2012-04-12,4737,3849739154.0
2012-04-13,4737,3902475307.0
2012-04-16,4737,3880501910.0
2012-04-17,4737,3832160437.0
2012-04-18,4737,3889291269.0
2012-04-19,4737,3845344475.0
2012-04-20,4737,3810187040.0
2012-04-23,4737,3691530696.0
2012-04-24,4737,3673951978.0
2012-04-25,4737,3669557299.0
2012-04-26,4737,3594847749.0
2012-04-27,4737,3590453070.0
2012-04-30,4737,3344351023.0
2012-05-02,4737,3383903138.0
2012-05-03,4737,3449823329.0
2012-05-04,4737,3480586085.0
2012-05-07,4737,3449823329.0
2012-05-08,4737,3498164802.0
2012-05-09,4737,3498164802.0
2012-05-10,4737,3586058390.0
2012-05-11,4737,3502559482.0
2012-05-14,4737,3493770123.0
2012-05-15,4737,3542111596.0
2012-05-16,4737,3493770123.0
2012-05-17,4737,3599242429.0
2012-05-18,4737,3471796726.0
2012-05-21,4737,3471796726.0
2012-05-22,4737,3476191405.0
2012-05-23,4737,3476191405.0
2012-05-24,4737,3476191405.0
2012-05-25,4737,3427849932.0
2012-05-28,4737,3528927558.0
2012-05-29,4737,3603637108.0
2012-05-30,4737,3586058390.0
2012-05-31,4737,3581663711.0
2012-06-01,4737,3564084993.0
2012-06-04,4737,3498164802.0
2012-06-05,4737,3564084993.0
2012-06-06,4737,3603637108.0
2012-06-07,4737,3603637108.0
2012-06-08,4737,3603637108.0
2012-06-11,4737,3669557299.0
2012-06-12,4737,3669557299.0
2012-06-13,4737,3669557299.0
2012-06-14,4737,3647583902.0
2012-06-15,4737,3647583902.0
2012-06-18,4737,3651978581.0
2012-06-19,4737,3651978581.0
2012-06-20,4737,3647583902.0
2012-06-21,4737,3656373261.0
2012-06-22,4737,3638794543.0
2012-06-25,4737,3647583902.0
2012-06-26,4737,3616821146.0
2012-06-27,4737,3647583902.0
2012-06-28,4737,3621215826.0
2012-06-29,4737,3603637108.0
2012-07-02,4737,3603637108.0
2012-07-03,4737,3581663711.0
2012-07-04,4737,3599242429.0
2012-07-05,4737,3599242429.0
2012-07-06,4737,3537716917.0
2012-07-09,4737,3599242429.0
2012-07-10,4737,3555295635.0
2012-07-11,4737,3515743520.0
2012-07-12,4737,3493770123.0
2012-07-13,4737,3326772306.0
2012-07-16,4737,3353140382.0
2012-07-17,4737,3331166985.0
2012-07-18,4737,3326772306.0
2012-07-19,4737,3344351023.0
2012-07-20,4737,3353140382.0
2012-07-23,4737,3339956344.0
2012-07-24,4737,3300404229.0
2012-07-25,4737,3361929741.0
2012-07-26,4737,3322377626.0
2012-07-27,4737,3339956344.0
2012-07-30,4737,3300404229.0
2012-07-31,4737,3317982947.0
2012-08-01,4737,3317982947.0
2012-08-03,4737,3252062756.0
2012-08-06,4737,3221300000.0
2012-08-07,4737,3080670259.0
2012-08-08,4737,2988381992.0
2012-08-09,4737,3010355389.0
2012-08-10,4737,3076275580.0
2012-08-13,4737,3142195771.0
2012-08-14,4737,3199326603.0
2012-08-15,4737,3230089359.0
2012-08-16,4737,3230089359.0
2012-08-17,4737,3238878718.0
2012-08-20,4737,3212510641.0
2012-08-21,4737,3212510641.0
2012-08-22,4737,3186142565.0
2012-08-23,4737,3186142565.0
2012-08-24,4737,3208115962.0
2012-08-27,4737,3252062756.0
2012-08-28,4737,3243273397.0
2012-08-29,4737,3260852115.0
2012-08-30,4737,3230089359.0
2012-08-31,4737,3230089359.0
2012-09-03,4737,3216905321.0
2012-09-04,4737,3208115962.0
2012-09-05,4737,3203721283.0
2012-09-06,4737,3186142565.0
2012-09-07,4737,3181747886.0
2012-09-10,4737,3168563847.0
2012-09-11,4737,3164169168.0
2012-09-12,4737,3168563847.0
2012-09-13,4737,3120222374.0
2012-09-14,4737,3137801092.0
2012-09-17,4737,3142195771.0
2012-09-18,4737,3093854298.0
2012-09-19,4737,3093854298.0
2012-09-20,4737,3085064939.0
2012-09-21,4737,3076275580.0
2012-09-24,4737,3098248977.0
2012-09-25,4737,3089459618.0
2012-09-26,4737,3098248977.0
2012-09-27,4737,3142195771.0
2012-09-28,4737,3120222374.0
2012-10-01,4737,3120222374.0
2012-10-02,4737,3085064939.0
2012-10-03,4737,3076275580.0
2012-10-04,4737,3071880901.0
2012-10-05,4737,3054302183.0
2012-10-08,4737,3014750068.0
2012-10-09,4737,2957619236.0
2012-10-11,4737,2957619236.0
2012-10-12,4737,2830173534.0
2012-10-15,4737,2944435198.0
2012-10-16,4737,2869725648.0
2012-10-17,4737,2812594816.0
2012-10-18,4737,2737885266.0
2012-10-19,4737,2548914052.0
2012-10-22,4737,2373126876.0
2012-10-23,4737,2434652388.0
2012-10-24,4737,2439047067.0
2012-10-25,4737,2307206685.0
2012-10-26,4737,2146800887.0
2012-10-29,4737,1997381787.0
2012-10-30,4737,1999579127.0
2012-10-31,4737,2138011528.0
2012-11-01,4737,2285233288.0
2012-11-02,4737,2443441746.0
2012-11-05,4737,2351153479.0
2012-11-06,4737,2351153479.0
2012-11-07,4737,2496177899.0
2012-11-08,4737,2461020464.0
2012-11-09,4737,2439047067.0
2012-11-12,4737,2377521555.0
2012-11-13,4737,2307206685.0
2012-11-14,4737,2329180082.0
2012-11-15,4737,2329180082.0
2012-11-16,4737,2285233288.0
2012-11-19,4737,2197339700.0
2012-11-20,4737,2201734379.0
2012-11-21,4737,2177563643.0
2012-11-22,4737,2179760982.0
2012-11-23,4737,2184155662.0
2012-11-26,4737,2254470532.0
2012-11-27,4737,2333574761.0
2012-11-28,4737,2294022647.0
2012-11-29,4737,2302812006.0
2012-11-30,4737,2329180082.0
2012-12-03,4737,2373126876.0
2012-12-04,4737,2329180082.0
2012-12-05,4737,2364337517.0
2012-12-06,4737,2329180082.0
2012-12-07,4737,2337969441.0
2012-12-10,4737,2500572579.0
2012-12-11,4737,2671965075.0
2012-12-12,4737,2856541610.0
2012-12-13,4737,3054302183.0
2012-12-14,4737,3252062756.0
2012-12-17,4737,3041118145.0
2012-12-18,4737,3107038336.0
2012-12-19,4737,3023539427.0
2012-12-20,4737,2913672442.0
2012-12-21,4737,2838962892.0
2012-12-24,4737,2931251160.0
2012-12-25,4737,2922461801.0
2012-12-26,4737,2922461801.0
2012-12-27,4737,2856541610.0
2012-12-28,4737,2913672442.0
2013-01-02,4737,2891699045.0
2013-01-03,4737,2904883083.0
2013-01-04,4737,2860936289.0
2013-01-07,4737,2838962892.0
2013-01-08,4737,2768648022.0
2013-01-09,4737,2733490587.0
2013-01-10,4737,2746674625.0
2013-01-11,4737,2768648022.0
2013-01-14,4737,2737885266.0
2013-01-15,4737,2733490587.0
2013-01-16,4737,2623623602.0
2013-01-17,4737,2606044884.0
2013-01-18,4737,2623623602.0
2013-01-21,4737,2636807640.0
2013-01-22,4737,2614834243.0
2013-01-23,4737,2614834243.0
2013-01-24,4737,2601650205.0
2013-01-25,4737,2636807640.0
2013-01-28,4737,2821384175.0
2013-01-29,4737,2742279946.0
2013-01-30,4737,2680754434.0
2013-01-31,4737,2649991678.0
2013-02-01,4737,2636807640.0
2013-02-04,4737,2649991678.0
2013-02-05,4737,2575282128.0
2013-02-06,4737,2522545976.0
2013-02-18,4737,2544519373.0
2013-02-19,4737,2522545976.0
2013-02-20,4737,2548914052.0
2013-02-21,4737,2724701228.0
2013-02-22,4737,2680754434.0
2013-02-25,4737,2751069304.0
2013-02-26,4737,2689543793.0
2013-02-27,4737,2680754434.0
2013-03-01,4737,2685149113.0
2013-03-04,4737,2601650205.0
2013-03-05,4737,2632412961.0
2013-03-06,4737,2606044884.0
2013-03-07,4737,2619228922.0
2013-03-08,4737,2628018281.0
2013-03-11,4737,2614834243.0
2013-03-12,4737,2614834243.0
2013-03-13,4737,2575282128.0
2013-03-14,4737,2566492770.0
2013-03-15,4737,2606044884.0
2013-03-18,4737,2579676808.0
2013-03-19,4737,2601650205.0
2013-03-20,4737,2610439564.0
2013-03-21,4737,2575282128.0
2013-03-22,4737,2562098090.0
2013-03-25,4737,2592860846.0
2013-03-26,4737,2562098090.0
2013-03-27,4737,2544519373.0
2013-03-28,4737,2526940655.0
2013-03-29,4737,2531335334.0
2013-04-01,4737,2522545976.0
2013-04-02,4737,2531335334.0
2013-04-03,4737,2570887449.0
2013-04-08,4737,2584071487.0
2013-04-09,4737,2487388540.0
2013-04-10,4737,2509361937.0
2013-04-11,4737,2478599182.0
2013-04-12,4737,2469809823.0
2013-04-15,4737,2443441746.0
2013-04-16,4737,2491783220.0
2013-04-17,4737,2482993861.0
2013-04-18,4737,2482993861.0
2013-04-19,4737,2478599182.0
2013-04-22,4737,2500572579.0
2013-04-23,4737,2504967258.0
2013-04-24,4737,2526940655.0
2013-04-25,4737,2504967258.0
2013-04-26,4737,2522545976.0
2013-04-29,4737,2531335334.0
2013-04-30,4737,2548914052.0
2013-05-02,4737,2570887449.0
2013-05-03,4737,2535730014.0
2013-05-06,4737,2513756617.0
2013-05-07,4737,2487388540.0
2013-05-08,4737,2500572579.0
2013-05-09,4737,2504967258.0
2013-05-10,4737,2518151296.0
2013-05-13,4737,2518151296.0
2013-05-14,4737,2526940655.0
2013-05-15,4737,2548914052.0
2013-05-16,4737,2548914052.0
2013-05-17,4737,2584071487.0
2013-05-20,4737,2764253343.0
2013-05-21,4737,2724701228.0
2013-05-22,4737,2724701228.0
2013-05-23,4737,2632412961.0
2013-05-24,4737,2540124693.0
2013-05-27,4737,2548914052.0
2013-05-28,4737,2575282128.0
2013-05-29,4737,2557703411.0
2013-05-30,4737,2531335334.0
2013-05-31,4737,2540124693.0
2013-06-03,4737,2531335334.0
2013-06-04,4737,2592860846.0
2013-06-05,4737,2575282128.0
2013-06-06,4737,2553308731.0
2013-06-07,4737,2562098090.0
2013-06-10,4737,2606044884.0
2013-06-11,4737,2575282128.0
2013-06-13,4737,2535730014.0
2013-06-14,4737,2548914052.0
2013-06-17,4737,2540124693.0
2013-06-18,4737,2548914052.0
2013-06-19,4737,2562098090.0
2013-06-20,4737,2544519373.0
2013-06-21,4737,2540124693.0
2013-06-24,4737,2570887449.0
2013-06-25,4737,2504967258.0
2013-06-26,4737,2540124693.0
2013-06-27,4737,2553308731.0
2013-06-28,4737,2544519373.0
2013-07-01,4737,2557703411.0
2013-07-02,4737,2540124693.0
2013-07-03,4737,2575282128.0
2013-07-04,4737,2535730014.0
2013-07-05,4737,2548914052.0
2013-07-08,4737,2553308731.0
2013-07-09,4737,2526940655.0
2013-07-10,4737,2518151296.0
2013-07-11,4737,2513756617.0
2013-07-12,4737,2566492770.0
2013-07-15,4737,2592860846.0
2013-07-16,4737,2641202319.0
2013-07-17,4737,2548914052.0
2013-07-18,4737,2562098090.0
2013-07-19,4737,2553308731.0
2013-07-22,4737,2548914052.0
2013-07-23,4737,2548914052.0
2013-07-24,4737,2535730014.0
2013-07-25,4737,2540124693.0
2013-07-26,4737,2557703411.0
2013-07-29,4737,2531335334.0
2013-07-30,4737,2614834243.0
2013-07-31,4737,2584071487.0
2013-08-01,4737,2570887449.0
2013-08-02,4737,2698333152.0
2013-08-05,4737,2711517190.0
2013-08-06,4737,2671965075.0
2013-08-07,4737,2680754434.0
2013-08-08,4737,2680754434.0
2013-08-09,4737,2654386358.0
2013-08-12,4737,2614834243.0
2013-08-13,4737,2597255525.0
2013-08-14,4737,2597255525.0
2013-08-15,4737,2645596999.0
2013-08-16,4737,2663175716.0
2013-08-19,4737,2680754434.0
2013-08-20,4737,2606044884.0
2013-08-22,4737,2711517190.0
2013-08-23,4737,2702727831.0
2013-08-26,4737,2891699045.0
2013-08-27,4737,2922461801.0
2013-08-28,4737,3076275580.0
2013-08-29,4737,3045512824.0
2013-08-30,4737,2966408595.0
2013-09-02,4737,3019144748.0
2013-09-03,4737,3005960710.0
2013-09-04,4737,2966408595.0
2013-09-05,4737,3019144748.0
2013-09-06,4737,3203721283.0
2013-09-09,4737,3120222374.0
2013-09-10,4737,2997171351.0
2013-09-11,4737,3019144748.0
2013-09-12,4737,2988381992.0
2013-09-13,4737,2975197954.0
2013-09-16,4737,2992776671.0
2013-09-17,4737,2992776671.0
2013-09-18,4737,3041118145.0
2013-09-23,4737,3063091542.0
2013-09-24,4737,3054302183.0
2013-09-25,4737,3045512824.0
2013-09-26,4737,2988381992.0
2013-09-27,4737,2992776671.0
2013-09-30,4737,2966408595.0
2013-10-01,4737,2962013916.0
2013-10-02,4737,2935645839.0
2013-10-03,4737,2909277763.0
2013-10-04,4737,2900488404.0
2013-10-07,4737,2966408595.0
2013-10-08,4737,2962013916.0
2013-10-09,4737,2926856480.0
2013-10-11,4737,2944435198.0
2013-10-14,4737,2909277763.0
2013-10-15,4737,2918067122.0
2013-10-16,4737,2918067122.0
2013-10-17,4737,2913672442.0
2013-10-18,4737,2948829877.0
2013-10-21,4737,2913672442.0
2013-10-22,4737,2909277763.0
2013-10-23,4737,2935645839.0
2013-10-24,4737,2887304366.0
2013-10-25,4737,2900488404.0
2013-10-28,4737,2900488404.0
2013-10-29,4737,2909277763.0
2013-10-30,4737,2926856480.0
2013-10-31,4737,2948829877.0
2013-11-01,4737,2904883083.0
2013-11-04,4737,2768648022.0
2013-11-05,4737,2768648022.0
2013-11-07,4737,2746674625.0
2013-11-08,4737,2768648022.0
2013-11-11,4737,2755463984.0
2013-11-12,4737,2707122510.0
2013-11-13,4737,2720306549.0
2013-11-14,4737,2737885266.0
2013-11-15,4737,2720306549.0
2013-11-18,4737,2707122510.0
2013-11-19,4737,2707122510.0
2013-11-20,4737,2685149113.0
2013-11-21,4737,2641202319.0
2013-11-22,4737,2628018281.0
2013-11-25,4737,2623623602.0
2013-11-26,4737,2597255525.0
2013-11-27,4737,2592860846.0
2013-11-28,4737,2649991678.0
2013-11-29,4737,2641202319.0
2013-12-02,4737,2610439564.0
2013-12-03,4737,2636807640.0
2013-12-04,4737,2636807640.0
2013-12-05,4737,2702727831.0
2013-12-06,4737,2689543793.0
2013-12-09,4737,2685149113.0
2013-12-10,4737,2658781037.0
2013-12-11,4737,2702727831.0
2013-12-12,4737,2711517190.0
2013-12-13,4737,2742279946.0
2013-12-16,4737,2834568213.0
2013-12-17,4737,2856541610.0
2013-12-18,4737,2869725648.0
2013-12-19,4737,2869725648.0
2013-12-20,4737,2856541610.0
2013-12-23,4737,2900488404.0
2013-12-24,4737,2816989495.0
2013-12-25,4737,2825778854.0
2013-12-26,4737,2834568213.0
2013-12-27,4737,2768648022.0
2013-12-30,4737,2795016098.0
2013-12-31,4737,2803805457.0
2014-01-02,4737,2781832060.0
2014-01-03,4737,2812594816.0
2014-01-06,4737,2891699045.0
2014-01-07,4737,2821384175.0
2014-01-08,4737,2795016098.0
2014-01-09,4737,2834568213.0
2014-01-10,4737,2808200137.0
2014-01-13,4737,2812594816.0
2014-01-14,4737,2816989495.0
2014-01-15,4737,2816989495.0
2014-01-16,4737,2812594816.0
2014-01-17,4737,2834568213.0
2014-01-20,4737,2768648022.0
2014-01-21,4737,2733490587.0
2014-01-22,4737,2746674625.0
2014-01-23,4737,2751069304.0
2014-01-24,4737,2759858663.0
2014-01-27,4737,2781832060.0
2014-02-05,4737,2786226740.0
2014-02-06,4737,2808200137.0
2014-02-10,4737,2909277763.0
2014-02-11,4737,3111433015.0
2014-02-12,4737,3326772306.0
2014-02-13,4737,3274036153.0
2014-02-14,4737,3375113779.0
2014-02-17,4737,3370719100.0
2014-02-18,4737,3603637108.0
2014-02-19,4737,3854133834.0
2014-02-20,4737,4122209277.0
2014-02-21,4737,4051894407.0
2014-02-24,4737,4095841201.0
2014-02-25,4737,4069473124.0
2014-02-26,4737,4130998636.0
2014-02-27,4737,4065078445.0
2014-03-03,4737,3990368895.0
2014-03-04,4737,3779424284.0
2014-03-05,4737,3775029605.0
2014-03-06,4737,3792608322.0
2014-03-07,4737,3647583902.0
2014-03-10,4737,3616821146.0
2014-03-11,4737,3801397681.0
2014-03-12,4737,3731082811.0
2014-03-13,4737,3660767940.0
2014-03-14,4737,3660767940.0
2014-03-17,4737,3722293452.0
2014-03-18,4737,3678346658.0
2014-03-19,4737,3520138199.0
2014-03-20,4737,3546506276.0
2014-03-21,4737,3511348841.0
2014-03-24,4737,3357535062.0
2014-03-25,4737,3401481856.0
2014-03-26,4737,3383903138.0
2014-03-27,4737,3489375444.0
2014-03-28,4737,3423455253.0
2014-03-31,4737,3397087176.0
2014-04-01,4737,3423455253.0
2014-04-02,4737,3401481856.0
2014-04-03,4737,3410271214.0
2014-04-07,4737,3309193588.0
2014-04-08,4737,3230089359.0
2014-04-09,4737,3274036153.0
2014-04-10,4737,3168563847.0
2014-04-11,4737,3137801092.0
2014-04-14,4737,3102643656.0
2014-04-15,4737,3142195771.0
2014-04-16,4737,3111433015.0
2014-04-17,4737,3190537244.0
2014-04-18,4737,3164169168.0
2014-04-21,4737,3120222374.0
2014-04-22,4737,3124617053.0
2014-04-23,4737,3124617053.0
2014-04-24,4737,3124617053.0
2014-04-25,4737,3102643656.0
2014-04-28,4737,3111433015.0
2014-04-29,4737,3142195771.0
2014-04-30,4737,3361929741.0
2014-05-02,4737,3388297817.0
2014-05-05,4737,3357535062.0
2014-05-06,4737,3317982947.0
2014-05-07,4737,3238878718.0
2014-05-08,4737,3216905321.0
2014-05-09,4737,3172958527.0
2014-05-12,4737,3120222374.0
2014-05-13,4737,3120222374.0
2014-05-14,4737,3203721283.0
2014-05-15,4737,3177353206.0
2014-05-16,4737,3124617053.0
2014-05-19,4737,3120222374.0
2014-05-20,4737,3111433015.0
2014-05-21,4737,3005960710.0
2014-05-22,4737,2953224557.0
2014-05-23,4737,2992776671.0
2014-05-26,4737,3001566030.0
2014-05-27,4737,3014750068.0
2014-05-28,4737,3019144748.0
2014-05-29,4737,2992776671.0
2014-05-30,4737,2992776671.0
2014-06-03,4737,3014750068.0
2014-06-04,4737,2997171351.0
2014-06-05,4737,3019144748.0
2014-06-06,4737,3010355389.0
2014-06-09,4737,3115827695.0
2014-06-10,4737,3067486221.0
2014-06-11,4737,3014750068.0
2014-06-12,4737,3032328786.0
2014-06-13,4737,3014750068.0
2014-06-16,4737,2988381992.0
2014-06-17,4737,3001566030.0
2014-06-18,4737,2975197954.0
2014-06-19,4737,2983987313.0
2014-06-20,4737,2966408595.0
2014-06-23,4737,3172958527.0
2014-06-24,4737,3164169168.0
2014-06-25,4737,3076275580.0
2014-06-26,4737,3010355389.0
2014-06-27,4737,3027934107.0
2014-06-30,4737,3080670259.0
2014-07-01,4737,3049907504.0
2014-07-02,4737,3014750068.0
2014-07-03,4737,3041118145.0
2014-07-04,4737,3005960710.0
2014-07-07,4737,2966408595.0
2014-07-08,4737,2988381992.0
2014-07-09,4737,2799410778.0
2014-07-10,4737,2790621419.0
2014-07-11,4737,2601650205.0
2014-07-14,4737,2601650205.0
2014-07-15,4737,2685149113.0
2014-07-16,4737,2680754434.0
2014-07-17,4737,2671965075.0
2014-07-18,4737,2671965075.0
2014-07-21,4737,2671965075.0
2014-07-22,4737,2636807640.0
2014-07-24,4737,2649991678.0
2014-07-25,4737,2610439564.0
2014-07-28,4737,2614834243.0
2014-07-29,4737,2588466167.0
2014-07-30,4737,2610439564.0
2014-07-31,4737,2592860846.0
2014-08-01,4737,2570887449.0
2014-08-04,4737,2575282128.0
2014-08-05,4737,2584071487.0
2014-08-06,4737,2425863029.0
2014-08-07,4737,2386310914.0
2014-08-08,4737,2395100273.0
2014-08-11,4737,2439047067.0
2014-08-12,4737,2421468349.0
2014-08-13,4737,2373126876.0
2014-08-14,4737,2236891815.0
2014-08-15,4737,2175366303.0
2014-08-18,4737,2065499318.0
2014-08-19,4737,2087472715.0
2014-08-20,4737,2232497135.0
2014-08-22,4737,2439047067.0
2014-08-25,4737,2417073670.0
2014-08-26,4737,2403889632.0
2014-08-27,4737,2368732197.0
2014-08-28,4737,2381916235.0
2014-08-29,4737,2395100273.0
2014-09-01,4737,2355548158.0
2014-09-02,4737,2333574761.0
2014-09-03,4737,2342364120.0
2014-09-04,4737,2285233288.0
2014-09-05,4737,2307206685.0
2014-09-09,4737,2294022647.0
2014-09-10,4737,2258865212.0
2014-09-11,4737,2276443929.0
2014-09-12,4737,2241286494.0
2014-09-15,4737,2223707776.0
2014-09-16,4737,2210523738.0
2014-09-17,4737,2232497135.0
2014-09-18,4737,2210523738.0
2014-09-19,4737,2241286494.0
2014-09-22,4737,2395100273.0
2014-09-23,4737,2562098090.0
2014-09-24,4737,2570887449.0
2014-09-25,4737,2408284311.0
2014-09-26,4737,2531335334.0
2014-09-29,4737,2557703411.0
2014-09-30,4737,2548914052.0
2014-10-01,4737,2482993861.0
2014-10-02,4737,2491783220.0
2014-10-03,4737,2474204502.0
2014-10-06,4737,2417073670.0
2014-10-07,4737,2373126876.0
2014-10-08,4737,2311601364.0
2014-10-09,4737,2272049250.0
2014-10-13,4737,2175366303.0
2014-10-14,4737,2236891815.0
2014-10-15,4737,2173168963.0
2014-10-16,4737,2173168963.0
2014-10-17,4737,2153392906.0
2014-10-20,4737,2170971624.0
2014-10-21,4737,2179760982.0
2014-10-22,4737,2157787585.0
2014-10-23,4737,2168774284.0
2014-10-24,4737,2168774284.0
2014-10-27,4737,2100656753.0
2014-10-28,4737,2140208868.0
2014-10-29,4737,2179760982.0
2014-10-30,4737,2201734379.0
2014-10-31,4737,2236891815.0
2014-11-03,4737,2236891815.0
2014-11-04,4737,2219313097.0
2014-11-05,4737,2179760982.0
2014-11-06,4737,2192945021.0
2014-11-07,4737,2210523738.0
2014-11-10,4737,2179760982.0
2014-11-11,4737,2148998227.0
2014-11-12,4737,2131419509.0
2014-11-13,4737,2133616849.0
2014-11-14,4737,2065499318.0
2014-11-17,4737,2017157845.0
2014-11-18,4737,1911685539.0
2014-11-19,4737,1938053615.0
2014-11-20,4737,1867738745.0
2014-11-21,4737,1845765348.0
2014-11-24,4737,1885317463.0
2014-11-25,4737,1889712142.0
2014-11-26,4737,1918277558.0
2014-11-27,4737,1924869577.0
2014-11-28,4737,1894106821.0
2014-12-01,4737,1867738745.0
2014-12-02,4737,1911685539.0
2014-12-03,4737,1933658936.0
2014-12-04,4737,1918277558.0
2014-12-05,4737,1885317463.0
2014-12-08,4737,2017157845.0
2014-12-09,4737,2109446112.0
2014-12-10,4737,2047920600.0
2014-12-11,4737,2392275921.0
2014-12-12,4737,2366552524.0
2014-12-15,4737,2227646180.0
2014-12-16,4737,2253369577.0
2014-12-17,4737,2230218520.0
2014-12-18,4737,2248224898.0
2014-12-19,4737,2196778104.0
2014-12-22,4737,2222501501.0
2014-12-23,4737,2196778104.0
2014-12-24,4737,2214784482.0
2014-12-25,4737,2204495123.0
2014-12-26,4737,2245652558.0
2014-12-29,4737,2284237654.0
2014-12-30,4737,2273948295.0
2014-12-31,4737,2284237654.0
2015-01-05,4737,2253369577.0
2015-01-06,4737,2237935539.0
2015-01-07,4737,2217356821.0
2015-01-08,4737,2279092974.0
2015-01-09,4737,2289382333.0
2015-01-12,4737,2317678070.0
2015-01-13,4737,2315105730.0
2015-01-14,4737,2294527012.0
2015-01-15,4737,2289382333.0
2015-01-16,4737,2243080218.0
2015-01-19,4737,2250797238.0
2015-01-20,4737,2245652558.0
2015-01-21,4737,2243080218.0
2015-01-22,4737,2237935539.0
2015-01-23,4737,2232790860.0
2015-01-26,4737,2243080218.0
2015-01-27,4737,2245652558.0
2015-01-28,4737,2237935539.0
2015-01-29,4737,2227646180.0
2015-01-30,4737,2248224898.0
2015-02-02,4737,2237935539.0
2015-02-03,4737,2245652558.0
2015-02-04,4737,2222501501.0
2015-02-05,4737,2212212142.0
2015-02-06,4737,2217356821.0
2015-02-09,4737,2176199386.0
2015-02-10,4737,2176199386.0
2015-02-11,4737,2093884516.0
2015-02-12,4737,2119607913.0
2015-02-13,4737,2160765348.0
2015-02-24,4737,2140186630.0
2015-02-25,4737,2145331310.0
2015-02-26,4737,2204495123.0
2015-03-02,4737,2263658936.0
2015-03-03,4737,2268803615.0
2015-03-04,4737,2284237654.0
2015-03-05,4737,2366552524.0
2015-03-06,4737,2387131242.0
2015-03-09,4737,2405137620.0
2015-03-10,4737,2423143997.0
2015-03-11,4737,2356263165.0
2015-03-12,4737,2381986562.0
2015-03-13,4737,2387131242.0
2015-03-16,4737,2397420600.0
2015-03-17,4737,2412854639.0
2015-03-18,4737,2430861017.0
2015-03-19,4737,2598063097.0
2015-03-20,4737,2778126876.0
2015-03-23,4737,2747258800.0
2015-03-24,4737,2762692838.0
2015-03-25,4737,2778126876.0
2015-03-26,4737,2855297067.0
2015-03-27,4737,2922177899.0
2015-03-30,4737,2736969441.0
2015-03-31,4737,2685522647.0
2015-04-01,4737,2639220532.0
2015-04-02,4737,2654654570.0
2015-04-07,4737,2839863029.0
2015-04-08,4737,2891309823.0
2015-04-09,4737,2875875785.0
2015-04-10,4737,2855297067.0
2015-04-13,4737,2839863029.0
2015-04-14,4737,2814139632.0
2015-04-15,4737,2850152388.0
2015-04-16,4737,2803850273.0
2015-04-17,4737,2808994952.0
2015-04-20,4737,2829573670.0
2015-04-21,4737,2778126876.0
2015-04-22,4737,2778126876.0
2015-04-23,4737,2793560914.0
2015-04-24,4737,2803850273.0
2015-04-27,4737,2860441746.0
2015-04-28,4737,2819284311.0
2015-04-29,4737,2783271555.0
2015-04-30,4737,2829573670.0
2015-05-04,4737,2834718349.0
2015-05-05,4737,2845007708.0
2015-05-06,4737,2850152388.0
2015-05-07,4737,2814139632.0
2015-05-08,4737,2850152388.0
2015-05-11,4737,2803850273.0
2015-05-12,4737,2798705594.0
2015-05-13,4737,2742114120.0
2015-05-14,4737,2747258800.0
2015-05-15,4737,2700956685.0
2015-05-18,4737,2664943929.0
2015-05-19,4737,2675233288.0
2015-05-20,4737,2664943929.0
2015-05-21,4737,2675233288.0
2015-05-22,4737,2700956685.0
2015-05-25,4737,2690667326.0
2015-05-26,4737,2700956685.0
2015-05-27,4737,2700956685.0
2015-05-28,4737,2695812006.0
2015-05-29,4737,2695812006.0
2015-06-01,4737,2767837517.0
2015-06-02,4737,2834718349.0
2015-06-03,4737,2808994952.0
2015-06-04,4737,2778126876.0
2015-06-05,4737,2793560914.0
2015-06-08,4737,2829573670.0
2015-06-09,4737,2896454502.0
2015-06-10,4737,3184556549.0
2015-06-11,4737,3256582060.0
2015-06-12,4737,3308028854.0
2015-06-15,4737,3292594816.0
2015-06-16,4737,3241148022.0
2015-06-17,4737,3112531037.0
2015-06-18,4737,3138254434.0
2015-06-22,4737,3158833152.0
2015-06-23,4737,3148543793.0
2015-06-24,4737,3148543793.0
2015-06-25,4737,3086807640.0
2015-06-26,4737,3091952319.0
2015-06-29,4737,3066228922.0
2015-06-30,4737,3117675716.0
2015-07-01,4737,3158833152.0
2015-07-02,4737,3210279946.0
2015-07-03,4737,3220569304.0
2015-07-06,4737,3246292701.0
2015-07-07,4737,3256582060.0
2015-07-08,4737,3189701228.0
2015-07-09,4737,3107386358.0
2015-07-13,4737,3184556549.0
2015-07-14,4737,3210279946.0
2015-07-15,4737,3225713984.0
2015-07-16,4737,3215424625.0
2015-07-17,4737,3220569304.0
2015-07-20,4737,3354330969.0
2015-07-21,4737,3163977831.0
2015-07-22,4737,3194845907.0
2015-07-23,4737,3189701228.0
2015-07-24,4737,3169122510.0
2015-07-27,4737,3169122510.0
2015-07-28,4737,3194845907.0
2015-07-29,4737,3308028854.0
2015-07-30,4737,3498381992.0
2015-07-31,4737,3421211801.0
2015-08-03,4737,3344041610.0
2015-08-04,4737,3308028854.0
2015-08-05,4737,3601275580.0
2015-08-06,4737,3472658595.0
2015-08-07,4737,3446935198.0
2015-08-10,4737,3318318213.0
2015-08-11,4737,3194845907.0
2015-08-12,4737,2932467258.0
2015-08-13,4737,2932467258.0
2015-08-14,4737,2937611937.0
2015-08-17,4737,2978769373.0
2015-08-18,4737,2978769373.0
2015-08-19,4737,2788416235.0
2015-08-20,4737,2716390723.0
2015-08-21,4737,2446295055.0
2015-08-24,4737,2201922783.0
2015-08-25,4737,2263658936.0
2015-08-26,4737,2273948295.0
2015-08-27,4737,2345973806.0
2015-08-28,4737,2392275921.0
2015-08-31,4737,2448867394.0
2015-09-01,4737,2572339700.0
2015-09-02,4737,2572339700.0
2015-09-03,4737,2508031208.0
2015-09-04,4737,2502886528.0
2015-09-07,4737,2495169509.0
2015-09-08,4737,2520892906.0
2015-09-09,4737,2562050341.0
2015-09-10,4737,2592918418.0
2015-09-11,4737,2572339700.0
2015-09-14,4737,2569767360.0
2015-09-15,4737,2531182265.0
2015-09-16,4737,2559478002.0
2015-09-17,4737,2582629059.0
2015-09-18,4737,2592918418.0
2015-09-21,4737,2520892906.0
2015-09-22,4737,2546616303.0
2015-09-23,4737,2546616303.0
2015-09-24,4737,2531182265.0
2015-09-25,4737,2549188643.0
2015-09-30,4737,2572339700.0
2015-10-01,4737,2559478002.0
2015-10-02,4737,2562050341.0
2015-10-05,4737,2541471624.0
2015-10-06,4737,2526037585.0
2015-10-07,4737,2536326944.0
2015-10-08,4737,2526037585.0
2015-10-12,4737,2495169509.0
2015-10-13,4737,2497741849.0
2015-10-14,4737,2495169509.0
2015-10-15,4737,2500314188.0
2015-10-16,4737,2505458868.0
2015-10-19,4737,2752403479.0
2015-10-20,4737,2819284311.0
2015-10-21,4737,2793560914.0
2015-10-22,4737,2788416235.0
2015-10-23,4737,2798705594.0
2015-10-26,4737,2783271555.0
2015-10-27,4737,2747258800.0
2015-10-28,4737,2778126876.0
2015-10-29,4737,2767837517.0
2015-10-30,4737,2742114120.0
2015-11-02,4737,2757548158.0
2015-11-03,4737,2767837517.0
2015-11-04,4737,2778126876.0
2015-11-05,4737,2793560914.0
2015-11-06,4737,2783271555.0
2015-11-09,4737,2850152388.0
2015-11-10,4737,2803850273.0
2015-11-11,4737,2778126876.0
2015-11-12,4737,2742114120.0
2015-11-13,4737,2736969441.0
2015-11-16,4737,2742114120.0
2015-11-17,4737,2778126876.0
2015-11-18,4737,2819284311.0
2015-11-19,4737,3097096999.0
2015-11-20,4737,3225713984.0
2015-11-23,4737,3143399113.0
2015-11-24,4737,3158833152.0
2015-11-25,4737,3328607572.0
2015-11-26,4737,3549828786.0
2015-11-27,4737,3416067122.0
2015-11-30,4737,3524105389.0
2015-12-01,4737,3513816030.0
2015-12-02,4737,3374909686.0
2015-12-03,4737,3313173534.0
2015-12-04,4737,3318318213.0
2015-12-07,4737,3266871419.0
2015-12-08,4737,3205135266.0
2015-12-09,4737,2983914052.0
2015-12-10,4737,3040505525.0
2015-12-11,4737,2947901296.0
2015-12-14,4737,2891309823.0
2015-12-15,4737,3061084243.0
2015-12-16,4737,3045650205.0
2015-12-17,4737,3086807640.0
2015-12-18,4737,3308028854.0
2015-12-21,4737,3308028854.0
2015-12-22,4737,3266871419.0
2015-12-23,4737,3241148022.0
2015-12-24,4737,3122820396.0
2015-12-25,4737,3210279946.0
2015-12-28,4737,3863909755.0
2015-12-29,4737,3806807640.0
2015-12-30,4737,3756050205.0
2015-12-31,4737,3756050205.0
2016-01-04,4737,3743360846.0
2016-01-05,4737,3616467258.0
2016-01-06,4737,3533986426.0
2016-01-07,4737,3362680082.0
2016-01-08,4737,3407092838.0
2016-01-11,4737,3407092838.0
2016-01-12,4737,3254820532.0
2016-01-13,4737,3286543929.0
2016-01-14,4737,3248475853.0
2016-01-15,4737,3292888609.0
2016-01-18,4737,3394403479.0
2016-01-19,4737,3394403479.0
2016-01-20,4737,3242131173.0
2016-01-21,4737,3216752456.0
2016-01-22,4737,3210407776.0
2016-01-25,4737,3349990723.0
2016-01-26,4737,3280199250.0
2016-01-27,4737,3286543929.0
2016-01-28,4737,3273854570.0
2016-01-29,4737,3299233288.0
2016-02-01,4737,3464194952.0
2016-02-02,4737,3438816235.0
2016-02-15,4737,3394403479.0
2016-02-16,4737,3394403479.0
2016-02-17,4737,3362680082.0
2016-02-18,4737,3419782197.0
2016-02-19,4737,3381714120.0
2016-02-22,4737,3330956685.0
2016-02-23,4737,3362680082.0
2016-02-24,4737,3337301364.0
2016-02-25,4737,3305577967.0
2016-02-26,4737,3292888609.0
2016-03-01,4737,3337301364.0
2016-03-02,4737,3356335403.0
2016-03-03,4737,3311922647.0
2016-03-04,4737,3324612006.0
2016-03-07,4737,3489573670.0
2016-03-08,4737,3432471555.0
2016-03-09,4737,3400748158.0
2016-03-10,4737,3413437517.0
2016-03-11,4737,3426126876.0
2016-03-14,4737,3426126876.0
2016-03-15,4737,3305577967.0
2016-03-16,4737,3426126876.0
2016-03-17,4737,3349990723.0
2016-03-18,4737,3343646044.0
2016-03-21,4737,3400748158.0
2016-03-22,4737,3394403479.0
2016-03-23,4737,3362680082.0
2016-03-24,4737,3343646044.0
2016-03-25,4737,3305577967.0
2016-03-28,4737,3292888609.0
2016-03-29,4737,3210407776.0
2016-03-30,4737,3267509891.0
2016-03-31,4737,3280199250.0
2016-04-01,4737,3204063097.0
2016-04-06,4737,3223097135.0
2016-04-07,4737,3204063097.0
2016-04-08,4737,3165995021.0
2016-04-11,4737,3140616303.0
2016-04-12,4737,3048618452.0
2016-04-13,4737,3083514188.0
2016-04-14,4737,3134271624.0
2016-04-15,4737,3083514188.0
2016-04-18,4737,3054963131.0
2016-04-19,4737,3048618452.0
2016-04-20,4737,2962965280.0
2016-04-21,4737,2956620600.0
2016-04-22,4737,2867795089.0
2016-04-25,4737,2918552524.0
2016-04-26,4737,2950275921.0
2016-04-27,4737,2969309959.0
2016-04-28,4737,2969309959.0
2016-04-29,4737,2981999318.0
2016-05-03,4737,2905863165.0
2016-05-04,4737,2905863165.0
2016-05-05,4737,2912207845.0
2016-05-06,4737,2918552524.0
2016-05-09,4737,2962965280.0
2016-05-10,4737,3077169509.0
2016-05-11,4737,3001033356.0
2016-05-12,4737,2969309959.0
2016-05-13,4737,2918552524.0
2016-05-16,4737,2937586562.0
2016-05-17,4737,2994688677.0
2016-05-18,4737,2994688677.0
2016-05-19,4737,2893173806.0
2016-05-20,4737,2943931242.0
2016-05-23,4737,2988343997.0
2016-05-24,4737,2918552524.0
2016-05-25,4737,2953448261.0
2016-05-26,4737,2950275921.0
2016-05-27,4737,2950275921.0
2016-05-30,4737,3242131173.0
2016-05-31,4737,3381714120.0
2016-06-01,4737,3324612006.0
2016-06-02,4737,3261165212.0
2016-06-03,4737,3223097135.0
2016-06-06,4737,3185029059.0
2016-06-07,4737,3140616303.0
2016-06-08,4737,3162822681.0
2016-06-13,4737,3134271624.0
2016-06-14,4737,3099375887.0
2016-06-15,4737,3108892906.0
2016-06-16,4737,3083514188.0
2016-06-17,4737,3118409925.0
2016-06-20,4737,3210407776.0
2016-06-21,4737,3178684379.0
2016-06-22,4737,3185029059.0
2016-06-23,4737,3083514188.0
2016-06-24,4737,3058135471.0
2016-06-27,4737,3020067394.0
2016-06-28,4737,3108892906.0
2016-06-29,4737,3108892906.0
2016-06-30,4737,3067652490.0
2016-07-01,4737,3077169509.0
2016-07-04,4737,3178684379.0
2016-07-05,4737,3140616303.0
2016-07-06,4737,3080341849.0
2016-07-07,4737,3070824830.0
2016-07-11,4737,3115237585.0
2016-07-12,4737,3127926944.0
2016-07-13,4737,3127926944.0
2016-07-14,4737,3143788643.0
2016-07-15,4737,3204063097.0
2016-07-18,4737,3235786494.0
2016-07-19,4737,3216752456.0
2016-07-20,4737,3216752456.0
2016-07-21,4737,3311922647.0
2016-07-22,4737,3280199250.0
2016-07-25,4737,3267509891.0
2016-07-26,4737,3229441815.0
2016-07-27,4737,3216752456.0
2016-07-28,4737,3134271624.0
2016-07-29,4737,3172339700.0
2016-08-01,4737,3140616303.0
2016-08-02,4737,3146960982.0
2016-08-03,4737,3140616303.0
2016-08-04,4737,3127926944.0
2016-08-05,4737,3127926944.0
2016-08-08,4737,3134271624.0
2016-08-09,4737,3127926944.0
2016-08-10,4737,3045446112.0
2016-08-11,4737,3045446112.0
2016-08-12,4737,3096203547.0
2016-08-15,4737,3067652490.0
2016-08-16,4737,3070824830.0
2016-08-17,4737,3045446112.0
2016-08-18,4737,3032756753.0
2016-08-19,4737,3032756753.0
2016-08-22,4737,2804348295.0
2016-08-23,4737,2861450409.0
2016-08-24,4737,2861450409.0
2016-08-25,4737,2899518486.0
2016-08-26,4737,2877312108.0
2016-08-29,4737,2867795089.0
2016-08-30,4737,2924897203.0
2016-08-31,4737,2874139768.0
2016-09-01,4737,2886829127.0
2016-09-02,4737,2874139768.0
2016-09-05,4737,2877312108.0
2016-09-06,4737,2912207845.0
2016-09-07,4737,2918552524.0
2016-09-08,4737,2950275921.0
2016-09-09,4737,2950275921.0
2016-09-12,4737,2918552524.0
2016-09-13,4737,2918552524.0
2016-09-14,4737,2867795089.0
2016-09-19,4737,2937586562.0
2016-09-20,4737,2909035505.0
2016-09-21,4737,2972482299.0
2016-09-22,4737,2981999318.0
2016-09-23,4737,2956620600.0
2016-09-26,4737,2918552524.0
2016-09-29,4737,2937586562.0
2016-09-30,4737,2899518486.0
2016-10-03,4737,2905863165.0
2016-10-04,4737,3032756753.0
2016-10-05,4737,3099375887.0
2016-10-06,4737,3080341849.0
2016-10-07,4737,3089858868.0
2016-10-11,4737,3007378036.0
2016-10-12,4737,3007378036.0
2016-10-13,4737,3026412074.0
2016-10-14,4737,2896346146.0
2016-10-17,4737,2956620600.0
2016-10-18,4737,2981999318.0
2016-10-19,4737,2981999318.0
2016-10-20,4737,2969309959.0
2016-10-21,4737,2969309959.0
2016-10-24,4737,2981999318.0
2016-10-25,4737,2969309959.0
2016-10-26,4737,2950275921.0
2016-10-27,4737,2947103581.0
2016-10-28,4737,2950275921.0
2016-10-31,4737,2931241883.0
2016-11-01,4737,2921724864.0
2016-11-02,4737,2918552524.0
2016-11-03,4737,2918552524.0
2016-11-04,4737,2921724864.0
2016-11-07,4737,2937586562.0
2016-11-08,4737,2962965280.0
2016-11-09,4737,2934414223.0
2016-11-10,4737,2937586562.0
2016-11-11,4737,2962965280.0
2016-11-14,4737,3032756753.0
2016-11-15,4737,3045446112.0
2016-11-16,4737,3045446112.0
2016-11-17,4737,3045446112.0
2016-11-18,4737,3108892906.0
2016-11-21,4737,3223097135.0
2016-11-22,4737,3185029059.0
2016-11-23,4737,3178684379.0
2016-11-24,4737,3191373738.0
2016-11-25,4737,3216752456.0
2016-11-28,4737,3330956685.0
2016-11-29,4737,3343646044.0
2016-11-30,4737,3426126876.0
2016-12-01,4737,3521297067.0
2016-12-02,4737,3540331105.0
2016-12-05,4737,3559365143.0
2016-12-06,4737,3616467258.0
2016-12-07,4737,3616467258.0
2016-12-08,4737,3540331105.0
2016-12-09,4737,3502263029.0
2016-12-12,4737,3457850273.0
2016-12-13,4737,3476884311.0
2016-12-14,4737,3476884311.0
2016-12-15,4737,3495918349.0
2016-12-16,4737,3508607708.0
2016-12-19,4737,3489573670.0
2016-12-20,4737,3489573670.0
2016-12-21,4737,3546675785.0
2016-12-22,4737,3521297067.0
2016-12-23,4737,3527641746.0
2016-12-26,4737,3508607708.0
2016-12-27,4737,3489573670.0
2016-12-28,4737,3489573670.0
2016-12-29,4737,3495918349.0
2016-12-30,4737,3546675785.0
2017-01-03,4737,3553020464.0
2017-01-04,4737,3717982128.0
2017-01-05,4737,3717982128.0
2017-01-06,4737,3730671487.0
2017-01-09,4737,3679914052.0
2017-01-10,4737,3635501296.0
2017-01-11,4737,3572054502.0
2017-01-12,4737,3591088540.0
2017-01-13,4737,3610122579.0
2017-01-16,4737,3559365143.0
2017-01-17,4737,3610122579.0
2017-01-18,4737,3641845976.0
2017-01-19,4737,3641845976.0
2017-01-20,4737,3635501296.0
2017-01-23,4737,3660880014.0
2017-01-24,4737,3686258731.0
2017-02-02,4737,3679914052.0
2017-02-03,4737,3667224693.0
2017-02-06,4737,3673569373.0
2017-02-07,4737,3679914052.0
2017-02-08,4737,3705292770.0
2017-02-09,4737,3679914052.0
2017-02-10,4737,3711637449.0
2017-02-13,4737,3756050205.0
2017-02-14,4737,3737016167.0
2017-02-15,4737,3794118281.0
2017-02-16,4737,3908322510.0
2017-02-17,4737,3908322510.0
2017-02-20,4737,3901977831.0
2017-02-21,4737,3870254434.0
2017-02-22,4737,3889288472.0
2017-02-23,4737,3889288472.0
2017-02-24,4737,3889288472.0
2017-03-01,4737,3914667190.0
2017-03-02,4737,3959079946.0
2017-03-03,4737,3921011869.0
2017-03-06,4737,3971769304.0
2017-03-07,4737,4003492701.0
2017-03-08,4737,4124041610.0
2017-03-09,4737,4060594816.0
2017-03-10,4737,4028871419.0
2017-03-13,4737,4231901160.0
2017-03-14,4737,4263624557.0
2017-03-15,4737,4377828786.0
2017-03-16,4737,4422241542.0
2017-03-17,4737,4460309618.0
2017-03-20,4737,4384173465.0
2017-03-21,4737,4339760710.0
2017-03-22,4737,4219211801.0
2017-03-23,4737,4276313916.0
2017-03-24,4737,4276313916.0
2017-03-27,4737,4289003274.0
2017-03-28,4737,4346105389.0
2017-03-29,4737,4428586221.0
2017-03-30,4737,4504722374.0
2017-03-31,4737,4434930901.0
2017-04-05,4737,4428586221.0
2017-04-06,4737,4434930901.0
2017-04-07,4737,4460309618.0
2017-04-10,4737,4504722374.0
2017-04-11,4737,4504722374.0
2017-04-12,4737,4561824489.0
2017-04-13,4737,4593547886.0
2017-04-14,4737,4618926603.0
2017-04-17,4737,4542790450.0
2017-04-18,4737,4599892565.0
2017-04-19,4737,4606237244.0
2017-04-20,4737,4612581924.0
2017-04-21,4737,4631615962.0
2017-04-24,4737,4593547886.0
2017-04-25,4737,4695062756.0
2017-04-26,4737,4948849932.0
2017-04-27,4737,4821956344.0
2017-04-28,4737,4840990382.0
2017-05-02,4737,4802922306.0
2017-05-03,4737,4783888268.0
2017-05-04,4737,4777543588.0
2017-05-05,4737,4790232947.0
2017-05-08,4737,4783888268.0
2017-05-09,4737,4511067053.0
2017-05-10,4737,4428586221.0
2017-05-11,4737,4568169168.0
2017-05-12,4737,4612581924.0
2017-05-15,4737,4720441474.0
2017-05-16,4737,4688718077.0
2017-05-17,4737,4555479809.0
2017-05-18,4737,4599892565.0
2017-05-19,4737,4555479809.0
2017-05-22,4737,4434930901.0
2017-05-23,4737,4434930901.0
2017-05-24,4737,4612581924.0
2017-05-25,4737,4669684038.0
2017-05-26,4737,4663339359.0
2017-06-01,4737,4542790450.0
2017-06-02,4737,4568169168.0
2017-06-05,4737,4568169168.0
2017-06-06,4737,4561824489.0
2017-06-07,4737,4561824489.0
2017-06-08,4737,4536445771.0
2017-06-09,4737,4536445771.0
2017-06-12,4737,4504722374.0
2017-06-13,4737,4511067053.0
2017-06-14,4737,4580858527.0
2017-06-15,4737,4606237244.0
2017-06-16,4737,4606237244.0
2017-06-19,4737,4587203206.0
2017-06-20,4737,4511067053.0
2017-06-21,4737,4536445771.0
2017-06-22,4737,4587203206.0
2017-06-23,4737,4517411733.0
2017-06-26,4737,4517411733.0
2017-06-27,4737,4517411733.0
2017-06-28,4737,4536445771.0
2017-06-29,4737,4530101092.0
2017-06-30,4737,4498377695.0
2017-07-03,4737,4504722374.0
2017-07-04,4737,4492033015.0
2017-07-05,4737,4479343656.0
2017-07-06,4737,4498377695.0
2017-07-07,4737,4466654298.0
2017-07-10,4737,4403207504.0
2017-07-11,4737,4460309618.0
2017-07-12,4737,4504722374.0
2017-07-13,4737,4460309618.0
2017-07-14,4737,4441275580.0
2017-07-17,4737,4377828786.0
2017-07-18,4737,4282658595.0
2017-07-19,4737,4111352251.0
2017-07-20,4737,4181143725.0
2017-07-21,4737,4105007572.0
2017-07-24,4737,4079628854.0
2017-07-25,4737,4073284175.0
2017-07-26,4737,4079628854.0
2017-07-27,4737,4003492701.0
2017-07-28,4737,3940045907.0
2017-07-31,4737,3901977831.0
2017-08-01,4737,3965424625.0
2017-08-02,4737,3927356549.0
2017-08-03,4737,3908322510.0
2017-08-04,4737,3882943793.0
2017-08-07,4737,3901977831.0
2017-08-08,4737,3825841678.0
2017-08-09,4737,3749705525.0
2017-08-10,4737,3775084243.0
2017-08-11,4737,3711637449.0
2017-08-14,4737,3597433220.0
2017-08-15,4737,3679914052.0
2017-08-16,4737,3673569373.0
2017-08-17,4737,3654535334.0
2017-08-18,4737,3660880014.0
2017-08-21,4737,3730671487.0
2017-08-22,4737,3768739564.0
2017-08-23,4737,3794118281.0
2017-08-24,4737,3806807640.0
2017-08-25,4737,3800462961.0
2017-08-28,4737,3787773602.0
2017-08-29,4737,3762394884.0
2017-08-30,4737,3483582128.0
2017-08-31,4737,3495471487.0
2017-09-01,4737,3495471487.0
2017-09-04,4737,3525194884.0
2017-09-05,4737,3507360846.0
2017-09-06,4737,3477637449.0
2017-09-07,4737,3430080014.0
2017-09-08,4737,3436024693.0
2017-09-11,4737,3436024693.0
2017-09-12,4737,3388467258.0
2017-09-13,4737,3388467258.0
2017-09-14,4737,3364688540.0
2017-09-15,4737,3382522579.0
2017-09-18,4737,3394411937.0
2017-09-19,4737,3394411937.0
2017-09-20,4737,3400356617.0
2017-09-21,4737,3388467258.0
2017-09-22,4737,3382522579.0
2017-09-25,4737,3376577899.0
2017-09-26,4737,3269573670.0
2017-09-27,4737,3257684311.0
2017-09-28,4737,3257684311.0
2017-09-29,4737,3251739632.0
2017-10-02,4737,3239850273.0
2017-10-03,4737,3222016235.0
2017-10-05,4737,3222016235.0
2017-10-06,4737,3227960914.0
2017-10-11,4737,3198237517.0
2017-10-12,4737,3210126876.0
2017-10-13,4737,3192292838.0
2017-10-16,4737,3144735403.0
2017-10-17,4737,3132846044.0
2017-10-18,4737,3091233288.0
2017-10-19,4737,3049620532.0
2017-10-20,4737,2960450341.0
2017-10-23,4737,2865335471.0
2017-10-24,4737,2844529093.0
2017-10-25,4737,2901003547.0
2017-10-26,4737,3186348158.0
2017-10-27,4737,3156624761.0
2017-10-30,4737,3239850273.0
2017-10-31,4737,3204182197.0
2017-11-01,4737,3245794952.0
2017-11-02,4737,3269573670.0
2017-11-03,4737,3251739632.0
2017-11-06,4737,3239850273.0
2017-11-07,4737,3263628991.0
2017-11-08,4737,3311186426.0
2017-11-09,4737,3329020464.0
2017-11-10,4737,3275518349.0
2017-11-13,4737,3222016235.0
2017-11-14,4737,3198237517.0
2017-11-15,4737,3180403479.0
2017-11-16,4737,3180403479.0
2017-11-17,4737,3144735403.0
2017-11-20,4737,3162569441.0
2017-11-21,4737,3186348158.0
2017-11-22,4737,3144735403.0
2017-11-23,4737,3192292838.0
2017-11-24,4737,3216071555.0
2017-11-27,4737,3216071555.0
2017-11-28,4737,3204182197.0
2017-11-29,4737,3210126876.0
2017-11-30,4737,3216071555.0
2017-12-01,4737,3168514120.0
2017-12-04,4737,3198237517.0
2017-12-05,4737,3222016235.0
2017-12-06,4737,3287407708.0
2017-12-07,4737,3216071555.0
2017-12-08,4737,3222016235.0
2017-12-11,4737,3216071555.0
2017-12-12,4737,3162569441.0
2017-12-13,4737,3180403479.0
2017-12-14,4737,3210126876.0
2017-12-15,4737,3257684311.0
2017-12-18,4737,3299297067.0
2017-12-19,4737,3299297067.0
2017-12-20,4737,3317131105.0
2017-12-21,4737,3323075785.0
2017-12-22,4737,3317131105.0
2017-12-25,4737,3317131105.0
2017-12-26,4737,3293352388.0
2017-12-27,4737,3269573670.0
2017-12-28,4737,3287407708.0
2017-12-29,4737,3299297067.0
2018-01-02,4737,3293352388.0
2018-01-03,4737,3299297067.0
2018-01-04,4737,3299297067.0
2018-01-05,4737,3293352388.0
2018-01-08,4737,3293352388.0
2018-01-09,4737,3311186426.0
2018-01-10,4737,3216071555.0
2018-01-11,4737,3239850273.0
2018-01-12,4737,3180403479.0
2018-01-15,4737,3168514120.0
2018-01-16,4737,3210126876.0
2018-01-17,4737,3216071555.0
2018-01-18,4737,3239850273.0
2018-01-19,4737,3251739632.0
2018-01-22,4737,3251739632.0
2018-01-23,4737,3239850273.0
2018-01-24,4737,3168514120.0
2018-01-25,4737,3174458800.0
2018-01-26,4737,3174458800.0
2018-01-29,4737,3186348158.0
2018-01-30,4737,3162569441.0
2018-01-31,4737,3198237517.0
2018-02-01,4737,3156624761.0
2018-02-02,4737,3150680082.0
2018-02-05,4737,3192292838.0
2018-02-06,4737,3008007776.0
2018-02-07,4737,3031786494.0
2018-02-08,4737,3019897135.0
2018-02-09,4737,2871280150.0
2018-02-12,4737,2889114188.0
2018-02-21,4737,2972339700.0
2018-02-22,4737,2996118418.0
2018-02-23,4737,3025841815.0
2018-02-26,4737,2942616303.0
2018-02-27,4737,2963422681.0
2018-03-01,4737,3067454570.0
2018-03-02,4737,3037731173.0
2018-03-05,4737,3002063097.0
2018-03-06,4737,2984229059.0
2018-03-07,4737,2984229059.0
2018-03-08,4737,2996118418.0
2018-03-09,4737,3002063097.0
2018-03-12,4737,3031786494.0
2018-03-13,4737,3061509891.0
2018-03-14,4737,3079343929.0
2018-03-15,4737,3079343929.0
2018-03-16,4737,3079343929.0
2018-03-19,4737,3382522579.0
2018-03-20,4737,3715424625.0
2018-03-21,4737,3810539495.0
2018-03-22,4737,3644088472.0
2018-03-23,4737,3566807640.0
2018-03-26,4737,3620309755.0
2018-03-27,4737,3566807640.0
2018-03-28,4737,3715424625.0
2018-03-29,4737,3703535266.0
2018-03-30,4737,3632199113.0
2018-04-02,4737,3584641678.0
2018-04-03,4737,3584641678.0
2018-04-09,4737,3786760778.0
2018-04-10,4737,3644088472.0
2018-04-11,4737,3703535266.0
2018-04-12,4737,3608420396.0
2018-04-13,4737,3566807640.0
2018-04-16,4737,3537084243.0
2018-04-17,4737,3447914052.0
2018-04-18,4737,3477637449.0
2018-04-19,4737,3489526808.0
2018-04-20,4737,3489526808.0
2018-04-23,4737,3584641678.0
2018-04-24,4737,3465748090.0
2018-04-25,4737,3471692770.0
2018-04-26,4737,3370633220.0
2018-04-27,4737,3424135334.0
2018-04-30,4737,3436024693.0
2018-05-02,4737,3364688540.0
2018-05-03,4737,3400356617.0
2018-05-04,4737,3459803411.0
2018-05-07,4737,3489526808.0
2018-05-08,4737,3477637449.0
2018-05-09,4737,3477637449.0
2018-05-10,4737,3471692770.0
2018-05-11,4737,3441969373.0
2018-05-14,4737,3447914052.0
2018-05-15,4737,3465748090.0
2018-05-16,4737,3406301296.0
2018-05-17,4737,3352799182.0
2018-05-18,4737,3340909823.0
2018-05-21,4737,3388467258.0
2018-05-22,4737,3382522579.0
2018-05-23,4737,3376577899.0
2018-05-24,4737,3352799182.0
2018-05-25,4737,3352799182.0
2018-05-28,4737,3352799182.0
2018-05-29,4737,3334965143.0
2018-05-30,4737,3406301296.0
2018-05-31,4737,3376577899.0
2018-06-01,4737,3376577899.0
2018-06-04,4737,3376577899.0
2018-06-05,4737,3376577899.0
2018-06-06,4737,3370633220.0
2018-06-07,4737,3293352388.0
2018-06-08,4737,3299297067.0
2018-06-11,4737,3370633220.0
2018-06-12,4737,3340909823.0
2018-06-13,4737,3334965143.0
2018-06-14,4737,3329020464.0
2018-06-15,4737,3382522579.0
2018-06-19,4737,3394411937.0
2018-06-20,4737,3388467258.0
2018-06-21,4737,3394411937.0
2018-06-22,4737,3340909823.0
2018-06-25,4737,3329020464.0
2018-06-26,4737,3329020464.0
2018-06-27,4737,3329020464.0
2018-06-28,4737,3388467258.0
2018-06-29,4737,3400356617.0
2018-07-02,4737,3400356617.0
2018-07-03,4737,3388467258.0
2018-07-04,4737,3370633220.0
2018-07-05,4737,3311186426.0
2018-07-06,4737,3323075785.0
2018-07-09,4737,3103122647.0
2018-07-10,4737,3103122647.0
2018-07-11,4737,3126901364.0
2018-07-12,4737,3144735403.0
2018-07-13,4737,3150680082.0
2018-07-16,4737,3150680082.0
2018-07-17,4737,3120956685.0
2018-07-18,4737,3150680082.0
2018-07-19,4737,3126901364.0
2018-07-20,4737,3097177967.0
2018-07-23,4737,3073399250.0
2018-07-24,4737,3061509891.0
2018-07-25,4737,3109067326.0
2018-07-26,4737,3109067326.0
2018-07-27,4737,3109067326.0
2018-07-30,4737,3073399250.0
2018-07-31,4737,3031786494.0
2018-08-01,4737,3031786494.0
2018-08-02,4737,3008007776.0
2018-08-03,4737,3008007776.0
2018-08-06,4737,3013952456.0
2018-08-07,4737,3049620532.0
2018-08-08,4737,3043675853.0
2018-08-09,4737,3049620532.0
2018-08-10,4737,3061509891.0
2018-08-13,4737,3008007776.0
2018-08-14,4737,3019897135.0
2018-08-15,4737,3025841815.0
2018-08-16,4737,3025841815.0
2018-08-17,4737,2996118418.0
2018-08-20,4737,2972339700.0
2018-08-21,4737,2972339700.0
2018-08-22,4737,2972339700.0
2018-08-23,4737,3002063097.0
2018-08-24,4737,2984229059.0
2018-08-27,4737,3019897135.0
2018-08-28,4737,3031786494.0
2018-08-29,4737,3031786494.0
2018-08-30,4737,3031786494.0
2018-08-31,4737,3031786494.0
2018-09-03,4737,2984229059.0
2018-09-04,4737,3019897135.0
2018-09-05,4737,3037731173.0
2018-09-06,4737,3025841815.0
2018-09-07,4737,2942616303.0
2018-09-10,4737,2942616303.0
2018-09-11,4737,3002063097.0
2018-09-12,4737,2996118418.0
2018-09-13,4737,2972339700.0
2018-09-14,4737,3019897135.0
2018-09-17,4737,2990173738.0
2018-09-18,4737,3025841815.0
2018-09-19,4737,3043675853.0
2018-09-20,4737,3008007776.0
2018-09-21,4737,3031786494.0
2018-09-25,4737,3103122647.0
2018-09-26,4737,3115012006.0
2018-09-27,4737,3091233288.0
2018-09-28,4737,3061509891.0
2018-10-01,4737,3085288609.0
2018-10-02,4737,3091233288.0
2018-10-03,4737,3067454570.0
2018-10-04,4737,3073399250.0
2018-10-08,4737,3055565212.0
2018-10-09,4737,3061509891.0
2018-10-11,4737,2889114188.0
2018-10-12,4737,2895058868.0
2018-10-15,4737,2948560982.0
2018-10-16,4737,2996118418.0
2018-10-17,4737,2939643963.0
2018-10-18,4737,2960450341.0
2018-10-19,4737,2912892906.0
2018-10-22,4737,2906948227.0
2018-10-23,4737,2903975887.0
2018-10-24,4737,2906948227.0
2018-10-25,4737,2871280150.0
2018-10-26,4737,2853446112.0
2018-10-29,4737,2823722715.0
2018-10-30,4737,2823722715.0
2018-10-31,4737,2826695055.0
2018-11-01,4737,2853446112.0
2018-11-02,4737,2886141849.0
2018-11-05,4737,2886141849.0
2018-11-06,4737,2847501433.0
2018-11-07,4737,2853446112.0
2018-11-08,4737,2865335471.0
2018-11-09,4737,2835612074.0
2018-11-12,4737,2841556753.0
2018-11-13,4737,2859390791.0
2018-11-14,4737,2859390791.0
2018-11-15,4737,2853446112.0
2018-11-16,4737,2823722715.0
2018-11-19,4737,2823722715.0
2018-11-20,4737,2823722715.0
2018-11-21,4737,2829667394.0
2018-11-22,4737,2847501433.0
2018-11-23,4737,2811833356.0
2018-11-26,4737,2823722715.0
2018-11-27,4737,2859390791.0
2018-11-28,4737,2817778036.0
2018-11-29,4737,2853446112.0
2018-11-30,4737,2859390791.0
2018-12-03,4737,2862363131.0
2018-12-04,4737,2883169509.0
2018-12-05,4737,2856418452.0
2018-12-06,4737,2793999318.0
2018-12-07,4737,2805888677.0
2018-12-10,4737,2793999318.0
2018-12-11,4737,2793999318.0
2018-12-12,4737,2802916337.0
2018-12-13,4737,2823722715.0
2018-12-14,4737,2826695055.0
2018-12-17,4737,2835612074.0
2018-12-18,4737,2811833356.0
2018-12-19,4737,2770220600.0
2018-12-20,4737,2820750375.0
2018-12-21,4737,2793999318.0
2018-12-24,4737,0.0
2018-12-25,4737,2758331242.0
2018-12-26,4737,2758331242.0
2018-12-27,4737,2829667394.0
2018-12-28,4737,2841556753.0
2019-01-02,4737,2838584414.0
2019-01-03,4737,2793999318.0
2019-01-04,4737,2758331242.0
2019-01-07,4737,2799943997.0
2019-01-08,4737,2776165280.0
2019-01-09,4737,2799943997.0
2019-01-10,4737,2802916337.0
2019-01-11,4737,2788054639.0
2019-01-14,4737,2758331242.0
2019-01-15,4737,2799943997.0
2019-01-16,4737,2764275921.0
2019-01-17,4737,2793999318.0
2019-01-18,4737,2770220600.0
2019-01-21,4737,2817778036.0
2019-01-22,4737,2811833356.0
2019-01-23,4737,2832639734.0
2019-01-24,4737,2811833356.0
2019-01-25,4737,2829667394.0
2019-01-28,4737,2841556753.0
2019-01-29,4737,2841556753.0
2019-01-30,4737,2856418452.0
2019-02-11,4737,2883169509.0
2019-02-12,4737,2892086528.0
2019-02-13,4737,2906948227.0
2019-02-14,4737,3013952456.0
2019-02-15,4737,3091233288.0
2019-02-18,4737,3126901364.0
2019-02-19,4737,3144735403.0
2019-02-20,4737,3126901364.0
2019-02-21,4737,3120956685.0
2019-02-22,4737,3115012006.0
2019-02-25,4737,3073399250.0
2019-02-26,4737,3091233288.0
2019-02-27,4737,3061509891.0
2019-03-04,4737,3132846044.0
2019-03-05,4737,3097177967.0
2019-03-06,4737,3115012006.0
2019-03-07,4737,3115012006.0
2019-03-08,4737,3120956685.0
2019-03-11,4737,3126901364.0
2019-03-12,4737,3103122647.0
2019-03-13,4737,3126901364.0
2019-03-14,4737,3103122647.0
2019-03-15,4737,3103122647.0
2019-03-18,4737,3103122647.0
2019-03-19,4737,3109067326.0
2019-03-20,4737,3115012006.0
2019-03-21,4737,3103122647.0
2019-03-22,4737,3120956685.0
2019-03-25,4737,3120956685.0
2019-03-26,4737,3109067326.0
2019-03-27,4737,3097177967.0
2019-03-28,4737,3115012006.0
2019-03-29,4737,3103122647.0
2019-04-01,4737,3103122647.0
2019-04-02,4737,3097177967.0
2019-04-03,4737,3103122647.0
2019-04-08,4737,3103122647.0
2019-04-09,4737,3091233288.0
2019-04-10,4737,3067454570.0
2019-04-11,4737,3031786494.0
2019-04-12,4737,2990173738.0
2019-04-15,4737,2984229059.0
2019-04-16,4737,2978284379.0
2019-04-17,4737,2966395021.0
2019-04-18,4737,2966395021.0
2019-04-19,4737,2960450341.0
2019-04-22,4737,2939643963.0
2019-04-23,4737,2924782265.0
2019-04-24,4737,2972339700.0
2019-04-25,4737,2930726944.0
2019-04-26,4737,2912892906.0
2019-04-29,4737,2921809925.0
2019-04-30,4737,2924782265.0
2019-05-02,4737,2936671624.0
2019-05-03,4737,3031786494.0
2019-05-06,4737,2942616303.0
2019-05-07,4737,2933699284.0
2019-05-08,4737,2924782265.0
2019-05-09,4737,2918837585.0
2019-05-10,4737,2990173738.0
2019-05-13,4737,2969367360.0
2019-05-14,4737,2996118418.0
2019-05-15,4737,2996118418.0
2019-05-16,4737,2966395021.0
2019-05-17,4737,2966395021.0
2019-05-20,4737,3025841815.0
2019-05-21,4737,3103122647.0
2019-05-22,4737,3067454570.0
2019-05-23,4737,3061509891.0
2019-05-24,4737,3031786494.0
2019-05-27,4737,3034540494.0
2019-05-28,4737,3022640335.0
2019-05-29,4737,3016690256.0
2019-05-30,4737,3016690256.0
2019-05-31,4737,2992889938.0
2019-06-03,4737,2992889938.0
2019-06-04,4737,2939339224.0
2019-06-05,4737,2992889938.0
2019-06-06,4737,2986939859.0
2019-06-10,4737,3010740176.0
2019-06-11,4737,3010740176.0
2019-06-12,4737,3004790097.0
2019-06-13,4737,2986939859.0
2019-06-14,4737,2998840018.0
2019-06-17,4737,3022640335.0
2019-06-18,4737,3046440653.0
2019-06-19,4737,3070240970.0
2019-06-20,4737,3064290891.0
2019-06-21,4737,3058340812.0
2019-06-24,4737,3022640335.0
2019-06-25,4737,3022640335.0
2019-06-26,4737,3052390732.0
2019-06-27,4737,3046440653.0
2019-06-28,4737,3010740176.0
2019-07-01,4737,3034540494.0
2019-07-02,4737,3034540494.0
2019-07-03,4737,3034540494.0
2019-07-04,4737,3004790097.0
2019-07-05,4737,2992889938.0
2019-07-08,4737,2992889938.0
2019-07-09,4737,3016690256.0
2019-07-10,4737,3004790097.0
2019-07-11,4737,3010740176.0
2019-07-12,4737,3028590415.0
2019-07-15,4737,3028590415.0
2019-07-16,4737,3028590415.0
2019-07-17,4737,2975039700.0
2019-07-18,4737,2969089621.0
2019-07-19,4737,2963139541.0
2019-07-22,4737,2998840018.0
2019-07-23,4737,2975039700.0
2019-07-24,4737,2957189462.0
2019-07-25,4737,3004790097.0
2019-07-26,4737,3022640335.0
2019-07-29,4737,3040490573.0
2019-07-30,4737,3034540494.0
2019-07-31,4737,3028590415.0
2019-08-01,4737,2945289303.0
2019-08-02,4737,2903638747.0
2019-08-05,4737,2915538906.0
2019-08-06,4737,2891738588.0
2019-08-07,4737,2921488985.0
2019-08-08,4737,2909588827.0
2019-08-12,4737,2915538906.0
2019-08-13,4737,2939339224.0
2019-08-14,4737,2921488985.0
2019-08-15,4737,2933389144.0
2019-08-16,4737,2924464025.0
2019-08-19,4737,2927439065.0
2019-08-20,4737,2933389144.0
2019-08-21,4737,2945289303.0
2019-08-22,4737,2933389144.0
2019-08-23,4737,2930414105.0
2019-08-26,4737,2918513946.0
2019-08-27,4737,2915538906.0
2019-08-28,4737,2939339224.0
2019-08-29,4737,2954214422.0
2019-08-30,4737,2963139541.0
2019-09-02,4737,2966114581.0
2019-09-03,4737,2966114581.0
2019-09-04,4737,2986939859.0
2019-09-05,4737,2980989779.0
2019-09-06,4737,2975039700.0
2019-09-09,4737,2975039700.0
2019-09-10,4737,2963139541.0
2019-09-11,4737,2969089621.0
2019-09-12,4737,2972064660.0
2019-09-16,4737,2948264343.0
2019-09-17,4737,2972064660.0
2019-09-18,4737,2998840018.0
2019-09-19,4737,2980989779.0
2019-09-20,4737,3046440653.0
2019-09-23,4737,3349894702.0
2019-09-24,4737,3451046052.0
2019-09-25,4737,3326094385.0
2019-09-26,4737,3337994543.0
2019-09-27,4737,3361794861.0
2019-10-01,4737,3427245734.0
2019-10-02,4737,3492696608.0
2019-10-03,4737,3510546846.0
2019-10-04,4737,3546247322.0
2019-10-07,4737,3754500101.0
2019-10-08,4737,3843751292.0
2019-10-09,4737,3873501689.0
2019-10-14,4737,3837801213.0
2019-10-15,4737,3843751292.0
2019-10-16,4737,3462946211.0
2019-10-17,4737,3302294067.0
2019-10-18,4737,3415345576.0
2019-10-21,4737,3546247322.0
2019-10-22,4737,3611698196.0
2019-10-23,4737,3570047640.0
2019-10-24,4737,3552197402.0
2019-10-25,4737,3570047640.0
2019-10-28,4737,3528397084.0
2019-10-29,4737,3528397084.0
2019-10-30,4737,3516496925.0
2019-10-31,4737,3516496925.0
2019-11-01,4737,3611698196.0
2019-11-04,4737,3599798037.0
2019-11-05,4737,3581947799.0
2019-11-06,4737,3611698196.0
2019-11-07,4737,3581947799.0
2019-11-08,4737,3575997719.0
2019-11-11,4737,3629548434.0
2019-11-12,4737,3665248910.0
2019-11-13,4737,3748550022.0
2019-11-14,4737,3748550022.0
2019-11-15,4737,3819950975.0
2019-11-18,4737,3867551610.0
2019-11-19,4737,4034153833.0
2019-11-20,4737,4123405024.0
2019-11-21,4737,4141255262.0
2019-11-22,4737,4147205342.0
2019-11-25,4737,4236456533.0
2019-11-26,4737,4218606295.0
2019-11-27,4737,4165055580.0
2019-11-28,4737,4301907406.0
2019-11-29,4737,4403058756.0
2019-12-02,4737,4843364632.0
2019-12-03,4737,4670812329.0
2019-12-04,4737,4771963679.0
2019-12-05,4737,4849314711.0
2019-12-06,4737,4962366220.0
2019-12-09,4737,4896915346.0
2019-12-10,4737,4748163361.0
2019-12-11,4737,4551810741.0
2019-12-12,4737,4658912170.0
2019-12-13,4737,4664862250.0
2019-12-16,4737,4760063520.0
2019-12-17,4737,4736263202.0
2019-12-18,4737,4783863838.0
2019-12-19,4737,4742213282.0
2019-12-20,4737,4742213282.0
2019-12-23,4737,4760063520.0
2019-12-24,4737,4771963679.0
2019-12-25,4737,4760063520.0
2019-12-26,4737,4754113441.0
2019-12-27,4737,4748163361.0
2019-12-30,4737,4760063520.0
2019-12-31,4737,4789813917.0
2020-01-02,4737,4819564314.0
2020-01-03,4737,4879065108.0
2020-01-06,4737,5015916934.0
2020-01-07,4737,5117068284.0
2020-01-08,4737,5289620587.0
2020-01-09,4737,5236069872.0
2020-01-10,4737,5218219634.0
2020-01-13,4737,5051617411.0
2020-01-14,4737,4998066696.0
2020-01-15,4737,5039717252.0
2020-01-16,4737,5146818681.0
2020-01-17,4737,5069467649.0
2020-01-20,4737,5212269554.0
2020-01-30,4737,5004016775.0
2020-01-31,4737,5093267966.0
2020-02-03,4737,4986166537.0
2020-02-04,4737,5015916934.0
2020-02-05,4737,5057567490.0
2020-02-06,4737,5051617411.0
2020-02-07,4737,4986166537.0
2020-02-10,4737,4730313123.0
2020-02-11,4737,4831464473.0
2020-02-12,4737,4902865426.0
2020-02-13,4737,4867164949.0
2020-02-14,4737,4849314711.0
2020-02-17,4737,4843364632.0
2020-02-18,4737,4867164949.0
2020-02-19,4737,4879065108.0
2020-02-20,4737,4861214870.0
2020-02-21,4737,4795763996.0
2020-02-24,4737,4789813917.0
2020-02-25,4737,4712462885.0
2020-02-26,4737,4742213282.0
2020-02-27,4737,4676762408.0
2020-03-02,4737,4373308359.0
2020-03-03,4737,4355458121.0
2020-03-04,4737,4046053992.0
2020-03-05,4737,4450659391.0
2020-03-06,4737,4593461297.0
2020-03-09,4737,4623211694.0
2020-03-10,4737,4629161773.0
2020-03-11,4737,4760063520.0
2020-03-12,4737,4581561138.0
2020-03-13,4737,4510160185.0
2020-03-16,4737,4218606295.0
2020-03-17,4737,3897302007.0
2020-03-18,4737,3516496925.0
2020-03-19,4737,3165442241.0
2020-03-20,4737,3332044464.0
2020-03-23,4737,3189242558.0
2020-03-24,4737,3332044464.0
2020-03-25,4737,3510546846.0
2020-03-26,4737,3480796449.0
2020-03-27,4737,3385595179.0
2020-03-30,4737,3373695020.0
2020-03-31,4737,3385595179.0
2020-04-01,4737,3433195814.0
2020-04-06,4737,3427245734.0
2020-04-07,4737,3510546846.0
2020-04-08,4737,3689049228.0
2020-04-09,4737,3683099149.0
2020-04-10,4737,3986553198.0
2020-04-13,4737,4385208518.0
2020-04-14,4737,4385208518.0
2020-04-15,4737,4349508041.0
2020-04-16,4737,4254306771.0
2020-04-17,4737,4230506453.0
2020-04-20,4737,4057954151.0
2020-04-21,4737,3998453357.0
2020-04-22,4737,3986553198.0
2020-04-23,4737,4135305183.0
2020-04-24,4737,4004403436.0
2020-04-27,4737,4046053992.0
2020-04-28,4737,4016303595.0
2020-04-29,4737,4028203754.0
2020-04-30,4737,4034153833.0
2020-05-04,4737,3956802801.0
2020-05-05,4737,3933002483.0
2020-05-06,4737,3944902642.0
2020-05-07,4737,3956802801.0
2020-05-08,4737,3891351928.0
2020-05-11,4737,3855651451.0
2020-05-12,4737,3784250498.0
2020-05-13,4737,3843751292.0
2020-05-14,4737,3903252086.0
2020-05-15,4737,3903252086.0
2020-05-18,4737,3944902642.0
2020-05-19,4737,3974653039.0
2020-05-20,4737,4004403436.0
2020-05-21,4737,4034153833.0
2020-05-22,4737,4034153833.0
2020-05-25,4737,4034153833.0
2020-05-26,4737,4171177633.0
2020-05-27,4737,4085047122.0
2020-05-28,4737,4041981866.0
2020-05-29,4737,4128112377.0
2020-06-01,4737,4134264557.0
2020-06-02,4737,4109655839.0
2020-06-03,4737,4183481992.0
2020-06-04,4737,4177329813.0
2020-06-05,4737,4183481992.0
2020-06-08,4737,4183481992.0
2020-06-09,4737,4165025454.0
2020-06-10,4737,4146568916.0
2020-06-12,4737,4103503660.0
2020-06-15,4737,4115808019.0
2020-06-16,4737,4140416736.0
2020-06-17,4737,4171177633.0
2020-06-18,4737,4245003786.0
2020-06-19,4737,4183481992.0
2020-06-22,4737,4165025454.0
2020-06-23,4737,4140416736.0
2020-06-24,4737,4177329813.0
2020-06-29,4737,4220395068.0
2020-06-30,4737,4411112630.0
2020-07-01,4737,4429569168.0
2020-07-02,4737,4466482244.0
2020-07-03,4737,4491090962.0
2020-07-06,4737,4497243141.0
2020-07-07,4737,4564917115.0
2020-07-08,4737,4737178138.0
2020-07-09,4737,4890982623.0
2020-07-10,4737,4884830444.0
2020-07-13,4737,4847917367.0
2020-07-14,4737,4755634676.0
2020-07-15,4737,4669504165.0
2020-07-16,4737,4644895447.0
2020-07-17,4737,4466482244.0
2020-07-20,4737,4361895195.0
2020-07-21,4737,4386503912.0
2020-07-22,4737,4552612756.0
2020-07-23,4737,4478786603.0
2020-07-24,4737,4546460577.0
2020-07-27,4737,4694112882.0
2020-07-28,4737,4595678012.0
2020-07-29,4737,4601830191.0
2020-07-30,4737,4583373653.0
2020-07-31,4737,4564917115.0
2020-08-03,4737,4509547500.0
2020-08-04,4737,4503395321.0
2020-08-05,4737,4491090962.0
2020-08-06,4737,4429569168.0
2020-08-07,4737,4386503912.0
2020-08-10,4737,4374199553.0
2020-08-11,4737,4331134298.0
2020-08-12,4737,4337286477.0
2020-08-13,4737,4312677759.0
2020-08-14,4737,4349590836.0
2020-08-17,4737,4423416989.0
2020-08-18,4737,4484938783.0
2020-08-19,4737,4441873527.0
2020-08-20,4737,4386503912.0
2020-08-21,4737,4392656092.0
2020-08-24,4737,4355743015.0
2020-08-25,4737,4355743015.0
2020-08-26,4737,4355743015.0
2020-08-27,4737,4337286477.0
2020-08-28,4737,4331134298.0
2020-08-31,4737,4478786603.0
2020-09-01,4737,4552612756.0
2020-09-02,4737,4706417241.0
2020-09-03,4737,4657199806.0
2020-09-04,4737,4564917115.0
2020-09-07,4737,4564917115.0
2020-09-08,4737,4564917115.0
2020-09-09,4737,4546460577.0
2020-09-10,4737,4546460577.0
2020-09-11,4737,4558764935.0
2020-09-14,4737,4607982371.0
2020-09-15,4737,4595678012.0
2020-09-16,4737,4491090962.0
2020-09-17,4737,4429569168.0
2020-09-18,4737,4448025706.0
2020-09-21,4737,4466482244.0
2020-09-22,4737,4411112630.0
2020-09-23,4737,4398808271.0
2020-09-24,4737,4306525580.0
2020-09-25,4737,4232699427.0
2020-09-28,4737,4318829939.0
2020-09-29,4737,4361895195.0
2020-09-30,4737,4349590836.0
2020-10-05,4737,4324982118.0
2020-10-06,4737,4349590836.0
2020-10-07,4737,4349590836.0
2020-10-08,4737,4374199553.0
2020-10-12,4737,4404960450.0
2020-10-13,4737,4614134550.0
2020-10-14,4737,4441873527.0
2020-10-15,4737,4398808271.0
2020-10-16,4737,4355743015.0
2020-10-19,4737,4392656092.0
2020-10-20,4737,4368047374.0
2020-10-21,4737,4380351733.0
2020-10-22,4737,4361895195.0
2020-10-23,4737,4355743015.0
2020-10-26,4737,4423416989.0
2020-10-27,4737,4404960450.0
2020-10-28,4737,4386503912.0
2020-10-29,4737,4361895195.0
2020-10-30,4737,4349590836.0
2020-11-02,4737,4349590836.0
2020-11-03,4737,4380351733.0
2020-11-04,4737,4392656092.0
2020-11-05,4737,4374199553.0
2020-11-06,4737,4355743015.0
2020-11-09,4737,4380351733.0
2020-11-10,4737,4337286477.0
2020-11-11,4737,4306525580.0
2020-11-12,4737,4300373401.0
2020-11-13,4737,4306525580.0
2020-11-16,4737,4368047374.0
2020-11-17,4737,4368047374.0
2020-11-18,4737,4343438656.0
2020-11-19,4737,4331134298.0
2020-11-20,4737,4337286477.0
2020-11-23,4737,4337286477.0
2020-11-24,4737,4318829939.0
2020-11-25,4737,4318829939.0
2020-11-26,4737,4312677759.0
2020-11-27,4737,4306525580.0
2020-11-30,4737,4306525580.0
2020-12-01,4737,4275764683.0
2020-12-02,4737,4263460324.0
2020-12-03,4737,4269612504.0
2020-12-04,4737,4245003786.0
2020-12-07,4737,4195786351.0
2020-12-08,4737,4158873274.0
2020-12-09,4737,4109655839.0
2020-12-10,4737,4017373148.0
2020-12-11,4737,3998916610.0
2020-12-14,4737,4109655839.0
2020-12-15,4737,4208090710.0
2020-12-16,4737,4208090710.0
2020-12-17,4737,4195786351.0
2020-12-18,4737,4189634171.0
2020-12-21,4737,4158873274.0
2020-12-22,4737,4072742763.0
2020-12-23,4737,4048134045.0
2020-12-24,4737,4072742763.0
2020-12-25,4737,4029677507.0
2020-12-28,4737,4041981866.0
2020-12-29,4737,4048134045.0
2020-12-30,4737,4121960198.0
2020-12-31,4737,4177329813.0
2021-01-04,4737,4171177633.0
2021-01-05,4737,4152721095.0
2021-01-06,4737,4177329813.0
2021-01-07,4737,4165025454.0
2021-01-08,4737,4103503660.0
2021-01-11,4737,4091199301.0
2021-01-12,4737,4085047122.0
2021-01-13,4737,4109655839.0
2021-01-14,4737,4041981866.0
2021-01-15,4737,3998916610.0
2021-01-18,4737,4091199301.0
2021-01-19,4737,4035829686.0
2021-01-20,4737,3968155713.0
2021-01-21,4737,3986612251.0
2021-01-22,4737,3986612251.0
2021-01-25,4737,3998916610.0
2021-01-26,4737,3986612251.0
2021-01-27,4737,4005068789.0
2021-01-28,4737,3962003534.0
2021-01-29,4737,3857416484.0
2021-02-01,4737,3888177381.0
2021-02-02,4737,3845112125.0
2021-02-03,4737,3845112125.0
2021-02-05,4737,3875873022.0
2021-02-17,4737,3918938278.0
2021-02-18,4737,3962003534.0
2021-02-19,4737,4355743015.0
2021-02-22,4737,4786395573.0
2021-02-23,4737,5247809028.0
2021-02-24,4737,5143221978.0
2021-02-25,4737,5167830696.0
2021-02-26,4737,5253961208.0
2021-03-02,4737,4927895699.0
2021-03-03,4737,4946352238.0
2021-03-04,4737,4934047879.0
2021-03-05,4737,4934047879.0
2021-03-08,4737,5130917620.0
2021-03-09,4737,5143221978.0
2021-03-10,4737,5180135055.0
2021-03-11,4737,5112461081.0
2021-03-12,4737,5044787108.0
2021-03-15,4737,5050939287.0
2021-03-16,4737,4977113135.0
2021-03-17,4737,4970960955.0
2021-03-18,4737,4977113135.0
2021-03-19,4737,4995569673.0
2021-03-22,4737,4940200058.0
2021-03-23,4737,4847917367.0
2021-03-24,4737,4854069547.0
2021-03-25,4737,4847917367.0
2021-03-26,4737,4811004291.0
2021-03-29,4737,4927895699.0
2021-03-30,4737,4866373905.0
2021-03-31,4737,4841765188.0
2021-04-01,4737,4817156470.0
2021-04-06,4737,4761786856.0
2021-04-07,4737,4780243394.0
2021-04-08,4737,4706417241.0
2021-04-09,4737,4700265062.0
2021-04-12,4737,4644895447.0
2021-04-13,4737,4540308397.0
2021-04-14,4737,4497243141.0
2021-04-15,4737,4946352238.0
2021-04-16,4737,5081700184.0
2021-04-19,4737,5186287234.0
2021-04-20,4737,5130917620.0
2021-04-21,4737,5106308902.0
2021-04-22,4737,4860221726.0
2021-04-23,4737,4829460829.0
2021-04-26,4737,4958656596.0
2021-04-28,4737,5075548005.0
2021-04-29,4737,4940200058.0
2021-05-03,4737,4964808776.0
2021-05-04,4737,4761786856.0
2021-05-05,4737,4724873779.0
2021-05-06,4737,4731025959.0
2021-05-07,4737,4878678264.0
2021-05-10,4737,4927895699.0
2021-05-11,4737,4743330317.0
2021-05-12,4737,4417264809.0
2021-05-13,4737,4436734762.0
2021-05-14,4737,4405621615.0
2021-05-17,4737,4169161698.0
2021-05-18,4737,4430512133.0
2021-05-19,4737,4498961056.0
2021-05-20,4737,4536296833.0
2021-05-21,4737,4486515797.0
2021-05-24,4737,4467847909.0
2021-05-25,4737,4449180021.0
2021-05-26,4737,4480293168.0
2021-05-27,4737,4511406315.0
2021-05-28,4737,4573632609.0
2021-05-31,4737,4492738427.0
2021-06-01,4737,4467847909.0
2021-06-02,4737,4430512133.0
2021-06-03,4737,4461625280.0
2021-06-04,4737,4405621615.0
2021-06-07,4737,4374508468.0
2021-06-08,4737,4368285839.0
2021-06-09,4737,4355840580.0
2021-06-10,4737,4405621615.0
2021-06-11,4737,4399398986.0
2021-06-15,4737,4480293168.0
2021-06-16,4737,4368285839.0
2021-06-17,4737,4386953727.0
2021-06-18,4737,4418066874.0
2021-06-21,4737,4318504804.0
2021-06-22,4737,4330950062.0
2021-06-23,4737,4306059545.0
2021-06-24,4737,4330950062.0
2021-06-25,4737,4386953727.0
2021-06-28,4737,4355840580.0
2021-06-29,4737,4330950062.0
2021-06-30,4737,4312282174.0
2021-07-01,4737,4324727433.0
2021-07-02,4737,4318504804.0
2021-07-05,4737,4299836915.0
2021-07-06,4737,4293614286.0
2021-07-07,4737,4274946398.0
2021-07-08,4737,4262501139.0
2021-07-09,4737,4231387992.0
2021-07-12,4737,4187829586.0
2021-07-13,4737,4187829586.0
2021-07-14,4737,4162939069.0
2021-07-15,4737,4187829586.0
2021-07-16,4737,4194052216.0
2021-07-19,4737,4268723768.0
2021-07-20,4737,4212720104.0
2021-07-21,4737,4212720104.0
2021-07-22,4737,4231387992.0
2021-07-23,4737,4349617951.0
2021-07-26,4737,4218942733.0
2021-07-27,4737,4237610621.0
2021-07-28,4737,4268723768.0
2021-07-29,4737,4293614286.0
2021-07-30,4737,4312282174.0
2021-08-02,4737,4418066874.0
2021-08-03,4737,4418066874.0
2021-08-04,4737,4380731098.0
2021-08-05,4737,4405621615.0
2021-08-06,4737,4411844245.0
2021-08-09,4737,4386953727.0
2021-08-10,4737,4386953727.0
2021-08-11,4737,4355840580.0
2021-08-12,4737,4386953727.0
2021-08-13,4737,4386953727.0
2021-08-16,4737,4411844245.0
2021-08-17,4737,4386953727.0
2021-08-18,4737,4386953727.0
2021-08-19,4737,4368285839.0
2021-08-20,4737,4405621615.0
2021-08-23,4737,4411844245.0
2021-08-24,4737,4418066874.0
2021-08-25,4737,4436734762.0
2021-08-26,4737,4455402650.0
2021-08-27,4737,4461625280.0
2021-08-30,4737,4467847909.0
2021-08-31,4737,4436734762.0
2021-09-01,4737,4424289503.0
2021-09-02,4737,4405621615.0
2021-09-03,4737,4386953727.0
2021-09-06,4737,4349617951.0
2021-09-07,4737,4380731098.0
2021-09-08,4737,4386953727.0
2021-09-09,4737,4337172692.0
2021-09-10,4737,4386953727.0
2021-09-13,4737,4337172692.0
2021-09-14,4737,4318504804.0
2021-09-15,4737,4355840580.0
2021-09-16,4737,4293614286.0
2021-09-17,4737,4262501139.0
2021-09-22,4737,4218942733.0
2021-09-24,4737,4299836915.0
2021-09-27,4737,4306059545.0
2021-09-28,4737,4324727433.0
2021-09-29,4737,4250055880.0
2021-09-30,4737,4231387992.0
2021-10-01,4737,4262501139.0
2021-10-04,4737,4243833251.0
2021-10-05,4737,4218942733.0
2021-10-06,4737,4225165363.0
2021-10-07,4737,4262501139.0
2021-10-08,4737,4262501139.0
2021-10-12,4737,4243833251.0
2021-10-13,4737,4225165363.0
2021-10-14,4737,4225165363.0
2021-10-15,4737,4243833251.0
2021-10-18,4737,4231387992.0
2021-10-19,4737,4206497474.0
2021-10-20,4737,4225165363.0
2021-10-21,4737,4218942733.0
2021-10-22,4737,4212720104.0
2021-10-25,4737,4256278510.0
2021-10-26,4737,4262501139.0
2021-10-27,4737,4243833251.0
2021-10-28,4737,4218942733.0
2021-10-29,4737,4218942733.0
2021-11-01,4737,4212720104.0
2021-11-02,4737,4212720104.0
2021-11-03,4737,4225165363.0
2021-11-04,4737,4218942733.0
2021-11-05,4737,4218942733.0
2021-11-08,4737,4231387992.0
2021-11-09,4737,4194052216.0
2021-11-10,4737,4243833251.0
2021-11-11,4737,4187829586.0
2021-11-12,4737,4237610621.0
2021-11-15,4737,4212720104.0
2021-11-16,4737,4206497474.0
2021-11-17,4737,4187829586.0
2021-11-18,4737,4181606957.0
2021-11-19,4737,4187829586.0
2021-11-22,4737,4144271180.0
2021-11-23,4737,4175384327.0
2021-11-24,4737,4169161698.0
2021-11-25,4737,4138048551.0
2021-11-26,4737,4125603292.0
2021-11-29,4737,4194052216.0
2021-11-30,4737,4225165363.0
2021-12-01,4737,4231387992.0
2021-12-02,4737,4268723768.0
2021-12-03,4737,4324727433.0
2021-12-06,4737,4530074203.0
2021-12-07,4737,4685639938.0
2021-12-08,4737,4648304162.0
2021-12-09,4737,4592300497.0
2021-12-10,4737,4623413644.0
2021-12-13,4737,4679417309.0
2021-12-14,4737,4679417309.0
2021-12-15,4737,4666972050.0
2021-12-16,4737,4654526791.0
2021-12-17,4737,4579855238.0
2021-12-20,4737,4586077868.0
2021-12-21,4737,4573632609.0
2021-12-22,4737,4741643603.0
2021-12-23,4737,4735420973.0
2021-12-24,4737,4735420973.0
2021-12-27,4737,4722975715.0
2021-12-28,4737,4648304162.0
2021-12-29,4737,4648304162.0
2021-12-30,4737,4716753085.0
2022-01-03,4737,4710530456.0
2022-01-04,4737,4691862568.0
2022-01-05,4737,4654526791.0
2022-01-06,4737,4617191015.0
2022-01-07,4737,4592300497.0
2022-01-10,4737,4573632609.0
2022-01-11,4737,4511406315.0
2022-01-12,4737,4554964721.0
2022-01-13,4737,4511406315.0
2022-01-14,4737,4498961056.0
2022-01-17,4737,4455402650.0
2022-01-18,4737,4480293168.0
2022-01-19,4737,4467847909.0
2022-01-20,4737,4492738427.0
2022-01-21,4737,4474070539.0
2022-01-24,4737,4380731098.0
2022-01-25,4737,4306059545.0
2022-01-26,4737,4306059545.0
2022-02-07,4737,4312282174.0
2022-02-08,4737,4306059545.0
2022-02-09,4737,4306059545.0
2022-02-10,4737,4349617951.0
2022-02-11,4737,4287391657.0
2022-02-14,4737,4293614286.0
2022-02-15,4737,4324727433.0
2022-02-16,4737,4293614286.0
2022-02-17,4737,4293614286.0
2022-02-18,4737,4318504804.0
2022-02-21,4737,4293614286.0
2022-02-22,4737,4318504804.0
2022-02-23,4737,4306059545.0
2022-02-24,4737,4262501139.0
2022-02-25,4737,4274946398.0
2022-03-01,4737,4256278510.0
2022-03-02,4737,4268723768.0
2022-03-03,4737,4231387992.0
2022-03-04,4737,4231387992.0
2022-03-07,4737,4187829586.0
2022-03-08,4737,4212720104.0
2022-03-09,4737,4287391657.0
2022-03-10,4737,4243833251.0
2022-03-11,4737,4231387992.0
2022-03-14,4737,4225165363.0
2022-03-15,4737,4206497474.0
2022-03-16,4737,4212720104.0
2022-03-17,4737,4237610621.0
2022-03-18,4737,4274946398.0
2022-03-21,4737,4281169027.0
2022-03-22,4737,4243833251.0
2022-03-23,4737,4250055880.0
2022-03-24,4737,4250055880.0
2022-03-25,4737,4293614286.0
2022-03-28,4737,4349617951.0
2022-03-29,4737,4386953727.0
2022-03-30,4737,4411844245.0
2022-03-31,4737,4386953727.0
2022-04-01,4737,4343395321.0
2022-04-06,4737,4561187350.0
2022-04-07,4737,4642081532.0
2022-04-08,4737,4642081532.0
2022-04-11,4737,4561187350.0
2022-04-12,4737,4648304162.0
2022-04-13,4737,4635858903.0
2022-04-14,4737,4573632609.0
2022-04-15,4737,4592300497.0
2022-04-18,4737,4617191015.0
2022-04-19,4737,4623413644.0
2022-04-20,4737,4660749421.0
2022-04-21,4737,4666972050.0
2022-04-22,4737,4660749421.0
2022-04-25,4737,4530074203.0
2022-04-26,4737,4505183686.0
2022-04-27,4737,4436734762.0
2022-04-28,4737,4505183686.0
2022-04-29,4737,4505183686.0
2022-05-03,4737,4486515797.0
2022-05-04,4737,4486515797.0
2022-05-05,4737,4486515797.0
2022-05-06,4737,4442957392.0
2022-05-09,4737,4430512133.0
2022-05-10,4737,4430512133.0
2022-05-11,4737,4430512133.0
2022-05-12,4737,4386953727.0
2022-05-13,4737,4461625280.0
2022-05-16,4737,4467847909.0
2022-05-17,4737,4474070539.0
2022-05-18,4737,4480293168.0
2022-05-19,4737,4334386771.0
2022-05-20,4737,4352573009.0
2022-05-23,4737,4328324692.0
2022-05-24,4737,4334386771.0
2022-05-25,4737,4382883406.0
2022-05-26,4737,4382883406.0
2022-05-27,4737,4419255883.0
2022-05-30,4737,4425317962.0
2022-05-31,4737,4407131724.0
2022-06-01,4737,4431380041.0
2022-06-02,4737,4510187074.0
2022-06-06,4737,4528373312.0
2022-06-07,4737,4498062915.0
2022-06-08,4737,4498062915.0
2022-06-09,4737,4473814597.0
2022-06-10,4737,4473814597.0
2022-06-13,4737,4425317962.0
2022-06-14,4737,4467752518.0
2022-06-15,4737,4485938756.0
2022-06-16,4737,4485938756.0
2022-06-17,4737,4473814597.0
2022-06-20,4737,4473814597.0
2022-06-21,4737,4473814597.0
2022-06-22,4737,4479876677.0
2022-06-23,4737,4437442121.0
2022-06-24,4737,4473814597.0
2022-06-27,4737,4540497471.0
2022-06-28,4737,4485938756.0
2022-06-29,4737,4492000835.0
2022-07-01,4737,4419255883.0
2022-07-04,4737,4455628359.0
2022-07-05,4737,4473814597.0
2022-07-06,4737,4425317962.0
2022-07-07,4737,4413193803.0
2022-07-08,4737,4413193803.0
2022-07-11,4737,4449566280.0
2022-07-12,4737,4522311232.0
2022-07-13,4737,4522311232.0
2022-07-14,4737,4510187074.0
2022-07-15,4737,4504124994.0
2022-07-18,4737,4516249153.0
2022-07-19,4737,4510187074.0
2022-07-20,4737,4473814597.0
2022-07-21,4737,4407131724.0
2022-07-22,4737,4425317962.0
2022-07-25,4737,4419255883.0
2022-07-26,4737,4485938756.0
2022-07-27,4737,4510187074.0
2022-07-28,4737,4492000835.0
2022-07-29,4737,4498062915.0
2022-08-01,4737,4516249153.0
2022-08-02,4737,4485938756.0
2022-08-03,4737,4485938756.0
2022-08-04,4737,4485938756.0
2022-08-05,4737,4492000835.0
2022-08-08,4737,4746608170.0
2022-08-09,4737,4861787679.0
2022-08-10,4737,4801166885.0
2022-08-11,4737,4813291044.0
2022-08-12,4737,4898160155.0
2022-08-15,4737,4970905108.0
2022-08-16,4737,5061836299.0
2022-08-17,4737,5019401743.0
2022-08-18,4737,5098208775.0
2022-08-19,4737,5322505713.0
2022-08-22,4737,5304319475.0
2022-08-23,4737,5092146696.0
2022-08-24,4737,5243698681.0
2022-08-25,4737,5371002348.0
2022-08-26,4737,5407374825.0
2022-08-29,4737,5516492254.0
2022-08-30,4737,5528616413.0
2022-08-31,4737,5486181857.0
2022-09-01,4737,5316443634.0
2022-09-02,4737,5461933539.0
2022-09-05,4737,5455871460.0
2022-09-06,4737,5334629872.0
2022-09-07,4737,5152767490.0
2022-09-08,4737,4946656790.0
2022-09-12,4737,4995153426.0
2022-09-13,4737,5061836299.0
2022-09-14,4737,5043650061.0
2022-09-15,4737,4995153426.0
2022-09-16,4737,5007277584.0
2022-09-19,4737,4910284314.0
2022-09-20,4737,4916346393.0
2022-09-21,4737,4855725599.0
2022-09-22,4737,4752670250.0
2022-09-23,4737,4843601441.0
2022-09-26,4737,4643552820.0
2022-09-27,4737,4746608170.0
2022-09-28,4737,4631428662.0
2022-09-29,4737,4722359853.0
2022-09-30,4737,4722359853.0
2022-10-03,4737,4685987376.0
2022-10-04,4737,4667801138.0
2022-10-05,4737,4667801138.0
2022-10-06,4737,4679925297.0
2022-10-07,4737,4667801138.0
2022-10-11,4737,4540497471.0
2022-10-12,4737,4546559550.0
2022-10-13,4737,4376821327.0
2022-10-14,4737,4498062915.0
2022-10-17,4737,4467752518.0
2022-10-18,4737,4473814597.0
2022-10-19,4737,4485938756.0
2022-10-20,4737,4419255883.0
2022-10-21,4737,4376821327.0
2022-10-24,4737,4431380041.0
2022-10-25,4737,4443504200.0
2022-10-26,4737,4443504200.0
2022-10-27,4737,4455628359.0
2022-10-31,4737,4437442121.0
2022-11-01,4737,4498062915.0
2022-11-02,4737,4546559550.0
2022-11-03,4737,4564745788.0
2022-11-04,4737,4540497471.0
2022-11-07,4737,4552621629.0
2022-11-08,4737,4552621629.0
2022-11-09,4737,4564745788.0
2022-11-10,4737,4607180344.0
2022-11-11,4737,4710235694.0
2022-11-14,4737,4734484011.0
2022-11-15,4737,4722359853.0
2022-11-16,4737,4692049456.0
2022-11-17,4737,4692049456.0
2022-11-21,4737,4692049456.0
2022-11-22,4737,4728421932.0
2022-11-23,4737,4855725599.0
2022-11-24,4737,4873911838.0
2022-11-25,4737,4807228964.0
2022-11-28,4737,4849663520.0
2022-11-29,4737,4819353123.0
2022-11-30,4737,4831477282.0
2022-12-01,4737,4819353123.0
2022-12-02,4737,4776918567.0
2022-12-05,4737,4776918567.0
2022-12-06,4737,4722359853.0
2022-12-07,4737,4698111535.0
2022-12-08,4737,4685987376.0
2022-12-09,4737,4716297773.0
2022-12-12,4737,4685987376.0
2022-12-13,4737,4740546091.0
2022-12-14,4737,4716297773.0
2022-12-15,4737,4710235694.0
2022-12-16,4737,4685987376.0
2022-12-19,4737,4649614900.0
2022-12-20,4737,4631428662.0
2022-12-21,4737,4667801138.0
2022-12-22,4737,4637490741.0
2022-12-23,4737,4710235694.0
2022-12-26,4737,4692049456.0
2022-12-27,4737,4685987376.0
2022-12-28,4737,4667801138.0
2022-12-29,4737,4667801138.0
2022-12-30,4737,4679925297.0
2023-01-03,4737,4661739059.0
2023-01-04,4737,4667801138.0
2023-01-05,4737,4667801138.0
2023-01-06,4737,4698111535.0
2023-01-09,4737,4679925297.0
2023-01-10,4737,4649614900.0
2023-01-11,4737,4661739059.0
2023-01-12,4737,4655676979.0
2023-01-13,4737,4637490741.0
2023-01-16,4737,4637490741.0
2023-01-17,4737,4679925297.0
2023-01-30,4737,4728421932.0
2023-01-31,4737,4746608170.0
2023-02-01,4737,4819353123.0
2023-02-02,4737,4843601441.0
2023-02-03,4737,4837539361.0
2023-02-06,4737,4837539361.0
2023-02-07,4737,4831477282.0
2023-02-08,4737,4801166885.0
2023-02-10,4737,4752670250.0
2023-02-13,4737,4685987376.0
2023-02-14,4737,4710235694.0
2023-02-15,4737,4667801138.0
2023-02-16,4737,4679925297.0
2023-02-17,4737,4685987376.0
2023-02-20,4737,4698111535.0
2023-02-21,4737,4734484011.0
2023-02-22,4737,4746608170.0
2023-02-23,4737,4819353123.0
2023-02-24,4737,4764794408.0
2023-03-01,4737,4795104805.0
2023-03-02,4737,4970905108.0
2023-03-03,4737,4958780949.0
2023-03-06,4737,4837539361.0
2023-03-07,4737,4849663520.0
2023-03-08,4737,4825415202.0
2023-03-09,4737,4843601441.0
2023-03-10,4737,4776918567.0
2023-03-13,4737,4746608170.0
2023-03-14,4737,4746608170.0
2023-03-15,4737,4740546091.0
2023-03-16,4737,4685987376.0
2023-03-17,4737,4685987376.0
2023-03-20,4737,4704173614.0
2023-03-21,4737,4704173614.0
2023-03-22,4737,4685987376.0
2023-03-23,4737,4673863217.0
2023-03-24,4737,4661739059.0
2023-03-27,4737,4661739059.0
2023-03-28,4737,4667801138.0
2023-03-29,4737,4661739059.0
2023-03-30,4737,4649614900.0
2023-03-31,4737,4643552820.0
2023-04-06,4737,4613242423.0
2023-04-07,4737,4607180344.0
2023-04-10,4737,4643552820.0
2023-04-11,4737,4643552820.0
2023-04-12,4737,4637490741.0
2023-04-13,4737,4613242423.0
2023-04-14,4737,4631428662.0
2023-04-17,4737,4619304503.0
2023-04-18,4737,4619304503.0
2023-04-19,4737,4582932026.0
2023-04-20,4737,4504124994.0
2023-04-21,4737,4528373312.0
2023-04-24,4737,4492000835.0
2023-04-25,4737,4467752518.0
2023-04-26,4737,4534435391.0
2023-04-27,4737,4504124994.0
2023-04-28,4737,4528373312.0
2023-05-02,4737,4546559550.0
2023-05-03,4737,4558683709.0
2023-05-05,4737,4576869947.0
2023-05-08,4737,4564745788.0
2023-05-09,4737,4564745788.0
2023-05-10,4737,4588994106.0
2023-05-11,4737,4522311232.0
2023-05-12,4737,4576869947.0
2023-05-15,4737,4498062915.0
2023-05-16,4737,4504124994.0
2023-05-17,4737,4637490741.0
2023-05-18,4737,4728421932.0
2023-05-19,4737,4797293107.0
2023-05-22,4737,4803373326.0
2023-05-23,4737,4797293107.0
2023-05-24,4737,4718250254.0
2023-05-25,4737,4736490913.0
2023-05-26,4737,4700009596.0
2023-05-29,4737,4681768938.0
2023-05-30,4737,4669608499.0
2023-05-31,4737,4620966744.0
2023-06-01,4737,4639207402.0
2023-06-02,4737,4693929377.0
2023-06-05,4737,4669608499.0
2023-06-06,4737,4706089816.0
2023-06-07,4737,4693929377.0
2023-06-08,4737,4712170035.0
2023-06-09,4737,4791212887.0
2023-06-12,4737,4858095301.0
2023-06-13,4737,4803373326.0
2023-06-14,4737,4815533765.0
2023-06-15,4737,4791212887.0
2023-06-16,4737,4833774423.0
2023-06-19,4737,4803373326.0
2023-06-20,4737,4712170035.0
2023-06-21,4737,4730410693.0
2023-06-26,4737,4730410693.0
2023-06-27,4737,4627046963.0
2023-06-28,4737,4657448060.0
2023-06-29,4737,4742571132.0
2023-06-30,4737,4706089816.0
2023-07-03,4737,4724330474.0
2023-07-04,4737,4730410693.0
2023-07-05,4737,4760811790.0
2023-07-06,4737,4754731571.0
2023-07-07,4737,4742571132.0
2023-07-10,4737,4724330474.0
2023-07-11,4737,4706089816.0
2023-07-12,4737,4681768938.0
2023-07-13,4737,4687849157.0
2023-07-14,4737,4700009596.0
2023-07-17,4737,4687849157.0
2023-07-18,4737,4657448060.0
2023-07-19,4737,4620966744.0
2023-07-20,4737,4633127183.0
2023-07-21,4737,4663528280.0
2023-07-24,4737,4572324989.0
2023-07-25,4737,4566244769.0
2023-07-26,4737,4548004111.0
2023-07-27,4737,4541923892.0
2023-07-28,4737,4548004111.0
2023-07-31,4737,4529763453.0
2023-08-01,4737,4511522795.0
2023-08-02,4737,4456800820.0
2023-08-04,4737,4468961259.0
2023-08-07,4737,4475041478.0
2023-08-08,4737,4456800820.0
2023-08-09,4737,4456800820.0
2023-08-10,4737,4438560162.0
2023-08-11,4737,4444640381.0
2023-08-14,4737,4402078846.0
2023-08-15,4737,4402078846.0
2023-08-16,4737,4402078846.0
2023-08-17,4737,4414239284.0
2023-08-18,4737,4414239284.0
2023-08-21,4737,4414239284.0
2023-08-22,4737,4456800820.0
2023-08-23,4737,4468961259.0
2023-08-24,4737,4475041478.0
2023-08-25,4737,4450720601.0
2023-08-28,4737,4475041478.0
2023-08-29,4737,4481121698.0
2023-08-30,4737,4633127183.0
2023-08-31,4737,4754731571.0
2023-09-01,4737,4687849157.0
2023-09-04,4737,4712170035.0
2023-09-05,4737,4560164550.0
2023-09-06,4737,4645287622.0
2023-09-07,4737,4578405208.0
2023-09-08,4737,4578405208.0
2023-09-11,4737,4511522795.0
2023-09-12,4737,4499362356.0
2023-09-13,4737,4511522795.0
2023-09-14,4737,4505442575.0
2023-09-15,4737,4493282137.0
2023-09-18,4737,4499362356.0
2023-09-19,4737,4493282137.0
2023-09-20,4737,4499362356.0
2023-09-21,4737,4511522795.0
2023-09-22,4737,4493282137.0
2023-09-25,4737,4505442575.0
2023-09-26,4737,4475041478.0
2023-09-27,4737,4487201917.0
2023-09-28,4737,4487201917.0
2023-10-02,4737,4475041478.0
2023-10-03,4737,4493282137.0
2023-10-04,4737,4499362356.0
2023-10-05,4737,4499362356.0
2023-10-06,4737,4535843672.0
2023-10-11,4737,4462881040.0
2023-10-12,4737,4906737056.0
2023-10-13,4737,5040501883.0
2023-10-16,4737,4985779908.0
2023-10-17,4737,4748651351.0
2023-10-18,4737,4827694204.0
2023-10-19,4737,4827694204.0
2023-10-20,4737,4833774423.0
2023-10-23,4737,4864175520.0
2023-10-24,4737,4973619469.0
2023-10-25,4737,4967539250.0
2023-10-26,4737,4912817275.0
2023-10-27,4737,4955378811.0
2023-10-30,4737,4955378811.0
2023-10-31,4737,4845934862.0
2023-11-01,4737,4791212887.0
2023-11-02,4737,4803373326.0
2023-11-03,4737,4809453545.0
2023-11-06,4737,4912817275.0
2023-11-07,4737,4858095301.0
2023-11-08,4737,4864175520.0
2023-11-09,4737,4839854642.0
2023-11-10,4737,4772972229.0
2023-11-13,4737,4706089816.0
2023-11-14,4737,4736490913.0
2023-11-15,4737,4748651351.0
2023-11-16,4737,4712170035.0
2023-11-17,4737,4712170035.0
2023-11-20,4737,4742571132.0
2023-11-21,4737,4742571132.0
2023-11-22,4737,4724330474.0
2023-11-23,4737,4724330474.0
2023-11-24,4737,4693929377.0
2023-11-27,4737,4675688719.0
2023-11-28,4737,4700009596.0
2023-11-29,4737,4779052448.0
2023-11-30,4737,4742571132.0
2023-12-01,4737,4730410693.0
2023-12-04,4737,4760811790.0
2023-12-05,4737,4815533765.0
2023-12-06,4737,4779052448.0
2023-12-07,4737,4730410693.0
2023-12-08,4737,4663528280.0
2023-12-11,4737,4620966744.0
2023-12-12,4737,4596645866.0
2023-12-13,4737,4608806305.0
2023-12-14,4737,4554084331.0
2023-12-15,4737,4529763453.0
2023-12-18,4737,4523683234.0
2023-12-19,4737,4511522795.0
2023-12-20,4737,4517603014.0
2023-12-21,4737,4541923892.0
2023-12-22,4737,4541923892.0
2023-12-25,4737,4590565647.0
2023-12-26,4737,4554084331.0
2023-12-27,4737,4554084331.0
2023-12-28,4737,4529763453.0
2023-12-29,4737,4548004111.0
2024-01-02,4737,4511522795.0
2024-01-03,4737,4481121698.0
2024-01-04,4737,4481121698.0
2024-01-05,4737,4468961259.0
2024-01-08,4737,4475041478.0
2024-01-09,4737,4475041478.0
2024-01-10,4737,4432479943.0
2024-01-11,4737,4414239284.0
2024-01-12,4737,4408159065.0
2024-01-15,4737,4395998626.0
2024-01-16,4737,4316955774.0
2024-01-17,4737,4134549192.0
2024-01-18,4737,4225752483.0
2024-01-19,4737,4225752483.0
2024-01-22,4737,4213592044.0
2024-01-23,4737,4237912922.0
2024-01-24,4737,4475041478.0
2024-01-25,4737,4335196432.0
2024-01-26,4737,4280474458.0
2024-01-29,4737,4274394238.0
2024-01-30,4737,4286554677.0
2024-01-31,4737,4298715116.0
2024-02-01,4737,4432479943.0
2024-02-02,4737,4438560162.0
2024-02-05,4737,4365597529.0
2024-02-15,4737,4377757968.0
2024-02-16,4737,4389918407.0
2024-02-19,4737,4359517310.0
2024-02-20,4737,4395998626.0
2024-02-21,4737,4438560162.0
2024-02-22,4737,4456800820.0
2024-02-23,4737,4438560162.0
2024-02-26,4737,4450720601.0
2024-02-27,4737,4444640381.0
2024-02-29,4737,4426399723.0
2024-03-01,4737,4432479943.0
2024-03-04,4737,4426399723.0
2024-03-05,4737,4438560162.0
2024-03-06,4737,4426399723.0
2024-03-07,4737,4377757968.0
2024-03-08,4737,4335196432.0
2024-03-11,4737,4310875555.0
2024-03-12,4737,4335196432.0
2024-03-13,4737,4316955774.0
2024-03-14,4737,4304795335.0
2024-03-15,4737,4304795335.0
2024-03-18,4737,4292634896.0
2024-03-19,4737,4286554677.0
2024-03-20,4737,4268314019.0
2024-03-21,4737,4250073361.0
2024-03-22,4737,4243993141.0
2024-03-25,4737,4225752483.0
2024-03-26,4737,4171030508.0
2024-03-27,4737,4158870070.0
2024-03-28,4737,4237912922.0
2024-03-29,4737,4286554677.0
2024-04-01,4737,4243993141.0
2024-04-02,4737,4256153580.0
2024-04-03,4737,4219672264.0
2024-04-08,4737,4237912922.0
2024-04-09,4737,4256153580.0
2024-04-10,4737,4243993141.0
2024-04-11,4737,4231832702.0
2024-04-12,4737,4237912922.0
2024-04-15,4737,4201431605.0
2024-04-16,4737,4189271167.0
2024-04-17,4737,4195351386.0
2024-04-18,4737,4268314019.0
2024-04-19,4737,4189271167.0
2024-04-22,4737,4158870070.0
2024-04-23,4737,4177110728.0
2024-04-24,4737,4195351386.0
2024-04-25,4737,4207511825.0
2024-04-26,4737,4183190947.0
2024-04-29,4737,4177110728.0
2024-04-30,4737,4152789850.0
2024-05-02,4737,4152789850.0
2024-05-03,4737,4134549192.0
2024-05-06,4737,4225752483.0
2024-05-07,4737,4395998626.0
2024-05-08,4737,4359517310.0
2024-05-09,4737,4298715116.0
2024-05-10,4737,4250073361.0
2024-05-13,4737,4280474458.0
2024-05-14,4737,4219672264.0
2024-05-15,4737,4225752483.0
2024-05-16,4737,4207511825.0
2024-05-17,4737,4189271167.0
2024-05-20,4737,4195351386.0
2024-05-21,4737,4207511825.0
2024-05-22,4737,4177110728.0
2024-05-23,4737,4134549192.0
2024-05-24,4737,4140629411.0
2024-05-27,4737,4116308534.0
2024-05-28,4737,4136789473.0
2024-05-29,4737,4142890933.0
2024-05-30,4737,4148992392.0
2024-05-31,4737,4167296770.0
2024-06-03,4737,4179499689.0
2024-06-04,4737,4161195311.0
2024-06-05,4737,4197804067.0
2024-06-06,4737,4203905527.0
2024-06-07,4737,4216108445.0
2024-06-11,4737,4179499689.0
2024-06-12,4737,4185601148.0
2024-06-13,4737,4216108445.0
2024-06-14,4737,4197804067.0
2024-06-17,4737,4173398230.0
2024-06-18,4737,4191702608.0
2024-06-19,4737,4216108445.0
2024-06-20,4737,4210006986.0
2024-06-21,4737,4246615742.0
2024-06-24,4737,4295427418.0
2024-06-25,4737,4277123039.0
2024-06-26,4737,4216108445.0
2024-06-27,4737,4264920121.0
2024-06-28,4737,4246615742.0
2024-07-01,4737,4210006986.0
2024-07-02,4737,4210006986.0
2024-07-03,4737,4210006986.0
2024-07-04,4737,4222209905.0
2024-07-05,4737,4228311364.0
2024-07-08,4737,4234412824.0
2024-07-09,4737,4246615742.0
2024-07-10,4737,4216108445.0
2024-07-11,4737,4246615742.0
2024-07-12,4737,4210006986.0
2024-07-15,4737,4210006986.0
2024-07-16,4737,4179499689.0
2024-07-17,4737,4173398230.0
2024-07-18,4737,4179499689.0
2024-07-19,4737,4173398230.0
2024-07-22,4737,4142890933.0
2024-07-23,4737,4167296770.0
2024-07-26,4737,4142890933.0
2024-07-29,4737,4039166123.0
2024-07-30,4737,4026963204.0
2024-07-31,4737,4033064663.0
2024-08-01,4737,4075774879.0
2024-08-02,4737,4148992392.0
2024-08-05,4737,3886629638.0
2024-08-06,4737,3929339854.0
2024-08-07,4737,3917136935.0
2024-08-08,4737,3917136935.0
2024-08-09,4737,3904934016.0
2024-08-12,4737,3965948610.0
2024-08-13,4737,3965948610.0
2024-08-14,4737,4020861745.0
2024-08-15,4737,3965948610.0
2024-08-16,4737,3965948610.0
2024-08-19,4737,3935441313.0
2024-08-20,4737,3935441313.0
2024-08-21,4737,3935441313.0
2024-08-22,4737,3935441313.0
2024-08-23,4737,4087977798.0
2024-08-26,4737,4087977798.0
2024-08-27,4737,4057470501.0
2024-08-28,4737,4057470501.0
2024-08-29,4737,3990354448.0
2024-08-30,4737,3996455907.0
2024-09-02,4737,3984252988.0
2024-09-03,4737,3996455907.0
2024-09-04,4737,3868325260.0
2024-09-05,4737,3874426719.0
2024-09-06,4737,3904934016.0
2024-09-09,4737,3904934016.0
2024-09-10,4737,3874426719.0
2024-09-11,4737,3904934016.0
2024-09-12,4737,3929339854.0
2024-09-13,4737,3929339854.0
2024-09-16,4737,4087977798.0
2024-09-18,4737,4045267582.0
2024-09-19,4737,4148992392.0
2024-09-20,4737,4240514283.0
2024-09-23,4737,4319833255.0
2024-09-24,4737,4228311364.0
2024-09-25,4737,4252717202.0
2024-09-26,4737,4240514283.0
2024-09-27,4737,4210006986.0
2024-09-30,4737,4216108445.0
2024-10-01,4737,4210006986.0
2024-10-04,4737,4161195311.0
2024-10-07,4737,4185601148.0
2024-10-08,4737,4173398230.0
2024-10-09,4737,4148992392.0
2024-10-11,4737,4094079257.0
2024-10-14,4737,4069673420.0
2024-10-15,4737,4118485095.0
2024-10-16,4737,4094079257.0
2024-10-17,4737,4130688014.0
2024-10-18,4737,4210006986.0
2024-10-21,4737,4325934715.0
2024-10-22,4737,4393050768.0
2024-10-23,4737,4399152227.0
2024-10-24,4737,4374746390.0
2024-10-25,4737,4338137633.0
2024-10-28,4737,4368644930.0
2024-10-29,4737,4362543471.0
2024-10-30,4737,4362543471.0
2024-11-01,4737,4368644930.0
2024-11-04,4737,4380847849.0
2024-11-05,4737,4362543471.0
2024-11-06,4737,4362543471.0
2024-11-07,4737,4295427418.0
2024-11-08,4737,4289325958.0
2024-11-11,4737,4203905527.0
2024-11-12,4737,4130688014.0
2024-11-13,4737,4087977798.0
2024-11-14,4737,4075774879.0
2024-11-15,4737,4057470501.0
2024-11-18,4737,4075774879.0
2024-11-19,4737,4087977798.0
2024-11-20,4737,4057470501.0
2024-11-21,4737,4264920121.0
2024-11-22,4737,4271021580.0
2024-11-25,4737,4258818661.0
2024-11-26,4737,4210006986.0
2024-11-27,4737,4155093851.0
2024-11-28,4737,4148992392.0
2024-11-29,4737,4148992392.0
2024-12-02,4737,4136789473.0
2024-12-03,4737,4136789473.0
2024-12-04,4737,4136789473.0
2024-12-05,4737,4210006986.0
2024-12-06,4737,4155093851.0
2024-12-09,4737,4081876339.0
2024-12-10,4737,4100180717.0
2024-12-11,4737,4118485095.0
2024-12-12,4737,4100180717.0
2024-12-13,4737,4112383636.0
2024-12-16,4737,4069673420.0
2024-12-17,4737,4081876339.0
2024-12-18,4737,4063571960.0
2024-12-19,4737,4026963204.0
2024-12-20,4737,3996455907.0
2024-12-23,4737,3972050069.0
2024-12-24,4737,3965948610.0
2024-12-25,4737,3984252988.0
2024-12-26,4737,3965948610.0
2024-12-27,4737,3941542772.0
2024-12-30,4737,3923238394.0
2024-12-31,4737,3947644232.0
